Data,Nazwa,Kurs otwarcia,Kurs max,Kurs min,Kurs zamknięcia,Zmiana,Wolumen,Liczba Transakcji,Obrót
2014-01-14,ORANGEPL,10.01,10.06,9.91,10.02,-0.3,4044048,853,40447.04
2014-01-15,ORANGEPL,10.05,10.05,9.96,10.02,0,2746042,689,27488.6
2014-01-16,ORANGEPL,10.02,10.19,9.92,10.08,0.6,1908325,895,19254.62
2014-01-17,ORANGEPL,10.08,10.13,9.85,10.12,0.4,2064190,1326,20673.83
2014-01-20,ORANGEPL,10.12,10.23,10.06,10.23,1.09,768008,612,7800.49
2014-01-21,ORANGEPL,10.27,10.59,10.14,10.39,1.56,2030753,1450,21097.02
2014-01-22,ORANGEPL,10.43,10.58,10.01,10.2,-1.83,3264836,2651,33229.33
2014-01-23,ORANGEPL,10.2,10.2,9.78,9.78,-4.12,2584768,1866,25654.58
2014-01-24,ORANGEPL,9.75,9.87,9.6,9.6,-1.84,1666999,1349,16110.53
2014-01-27,ORANGEPL,9.52,9.78,9.52,9.7,1.04,2740928,1808,26516.6
2014-01-28,ORANGEPL,9.75,10.29,9.74,10.25,5.67,4779752,2544,48068.15
2014-01-29,ORANGEPL,10.29,10.35,10.02,10.11,-1.37,2007886,1537,20317.41
2014-01-30,ORANGEPL,10.04,10.33,10.02,10.33,2.18,2906897,1694,29779.15
2014-01-31,ORANGEPL,10.33,10.64,10.21,10.5,1.65,5108193,2339,53299.41
2014-02-03,ORANGEPL,10.45,10.65,10.35,10.49,-0.1,2745124,1791,28796.12
2014-02-04,ORANGEPL,10.35,10.48,10.32,10.39,-0.95,2321516,1070,24120.01
2014-02-05,ORANGEPL,10.35,10.46,10.31,10.32,-0.67,4949557,2617,51414.03
2014-02-06,ORANGEPL,10.3,10.49,10.22,10.47,1.45,4475201,1910,46445.59
2014-02-07,ORANGEPL,10.38,10.84,10.3,10.75,2.67,6840616,2598,72897.8
2014-02-10,ORANGEPL,10.78,11.08,10.6,10.99,2.23,3167385,1465,34666.51
2014-02-11,ORANGEPL,11.01,11.59,11,11.3,2.82,7182689,3333,81483.24
2014-02-12,ORANGEPL,10.6,10.84,10.29,10.8,-4.42,17582837,4666,188450.16
2014-02-13,ORANGEPL,10.57,10.65,9.93,10.1,-6.48,4520506,3775,46327.02
2014-02-14,ORANGEPL,10.05,10.2,9.65,9.95,-1.49,5253683,3324,51776.14
2014-02-17,ORANGEPL,9.95,10.18,9.83,10.09,1.41,1743182,1626,17594.26
2014-02-18,ORANGEPL,10.17,10.38,10.08,10.3,2.08,1830213,1436,18685
2014-02-19,ORANGEPL,10.28,10.45,10.13,10.3,0,2295273,1233,23647.73
2014-02-20,ORANGEPL,10.24,10.42,10.15,10.33,0.29,2407977,1496,24915.49
2014-02-21,ORANGEPL,10.44,10.44,10.22,10.32,-0.1,2387254,1685,24719.06
2014-02-24,ORANGEPL,10.29,10.4,10.2,10.3,-0.19,1797134,1163,18479.03
2014-02-25,ORANGEPL,10.3,10.34,10.16,10.18,-1.17,2105641,1538,21473.35
2014-02-26,ORANGEPL,10.18,10.23,9.91,10.09,-0.88,2196342,2131,22209.19
2014-02-27,ORANGEPL,10.09,10.24,9.95,10.06,-0.3,1864447,1488,18834.18
2014-02-28,ORANGEPL,10.15,10.3,10.02,10.11,0.5,2104377,1207,21382.22
2014-03-03,ORANGEPL,9.91,10.18,9.85,10,-1.09,4373073,2237,44053.57
2014-03-04,ORANGEPL,10,10.21,9.96,10.06,0.6,3111710,1992,31365.87
2014-03-05,ORANGEPL,10.05,10.19,9.87,9.9,-1.59,2678208,1804,26748.38
2014-03-06,ORANGEPL,9.9,10.17,9.83,10.11,2.12,2468878,1589,24851.12
2014-03-07,ORANGEPL,10.12,10.31,10.05,10.18,0.69,5599722,1793,57266.61
2014-03-10,ORANGEPL,10.06,10.25,10.06,10.15,-0.29,3338925,1440,33958.9
2014-03-11,ORANGEPL,10.15,10.39,10.06,10.39,2.36,2477841,1234,25428.55
2014-03-12,ORANGEPL,10.33,10.53,10.25,10.25,-1.35,2884624,2198,29993.01
2014-03-13,ORANGEPL,10.26,10.54,10.2,10.52,2.63,5735955,1973,59844
2014-03-14,ORANGEPL,10.35,10.69,10.32,10.69,1.62,6506406,2170,68362.06
2014-03-17,ORANGEPL,10.62,10.69,10.44,10.69,0,2007959,1332,21220.78
2014-03-18,ORANGEPL,10.54,10.8,10.53,10.8,1.03,5216756,1995,55874.11
2014-03-19,ORANGEPL,10.8,10.94,10.4,10.51,-2.69,2713606,1833,28772.1
2014-03-20,ORANGEPL,10.5,10.79,10.36,10.75,2.28,4328811,2630,46128.44
2014-03-21,ORANGEPL,10.66,10.89,10.57,10.57,-1.67,4476888,2609,47833.64
2014-03-24,ORANGEPL,10.52,10.63,10.41,10.41,-1.51,2030308,942,21297.99
2014-03-25,ORANGEPL,10.48,10.49,10.36,10.4,-0.1,3630960,1234,37797.99
2014-03-26,ORANGEPL,10.4,10.45,10.16,10.32,-0.77,2989254,1456,30894.78
2014-03-27,ORANGEPL,10.3,10.39,10.25,10.35,0.29,3228849,1108,33334.34
2014-03-28,ORANGEPL,10.37,10.43,10.22,10.3,-0.48,1926770,660,19939.4
2014-03-31,ORANGEPL,10.39,10.42,10.27,10.35,0.49,2273465,923,23511.04
2014-04-01,ORANGEPL,10.38,10.39,10.18,10.3,-0.48,3090382,1702,31765.43
2014-04-02,ORANGEPL,10.36,10.42,10.26,10.33,0.29,4248113,1855,43856.32
2014-04-03,ORANGEPL,10.28,10.32,10.14,10.2,-1.26,1485659,1361,15195.36
2014-04-04,ORANGEPL,10.18,10.24,10,10.19,-0.1,1689669,1578,17108.91
2014-04-07,ORANGEPL,10.17,10.54,10.15,10.5,3.04,3456893,1577,36057.9
2014-04-08,ORANGEPL,10.5,10.55,10.35,10.5,0,2413866,1064,25309.71
2014-04-09,ORANGEPL,10.45,10.5,10.32,10.5,0,1978237,1839,20650.47
2014-04-10,ORANGEPL,10.5,10.59,10.38,10.38,-1.14,2695718,1862,28228.35
2014-04-11,ORANGEPL,10.39,10.51,10.29,10.5,1.16,1195840,1079,12495.2
2014-04-14,ORANGEPL,10.5,10.6,10.37,10.6,0.95,1770581,706,18589.16
2014-04-15,ORANGEPL,10.58,10.58,10.36,10.5,-0.94,1338664,833,14025.66
2014-04-16,ORANGEPL,10.45,10.49,10.19,10.24,-2.48,1743245,1439,17922.82
2014-04-17,ORANGEPL,10.22,10.32,10.07,10.32,0.78,1226716,919,12466.85
2014-04-22,ORANGEPL,10.32,10.35,10.18,10.2,-1.16,852748,751,8744.46
2014-04-23,ORANGEPL,10.26,10.3,10.06,10.06,-1.37,1678658,1274,17049.6
2014-04-24,ORANGEPL,10.09,10.15,10.03,10.15,0.89,1934220,1240,19540.6
2014-04-25,ORANGEPL,10.15,10.21,9.87,9.87,-2.76,2227084,2045,22318.7
2014-04-28,ORANGEPL,9.99,10.08,9.91,10,1.32,1109733,769,11097.56
2014-04-29,ORANGEPL,9.99,10.18,9.93,9.93,-0.7,1539025,1090,15480.25
2014-04-30,ORANGEPL,10.06,10.4,9.96,10.34,4.13,3378553,1307,34667.27
2014-05-02,ORANGEPL,10.24,10.49,10.24,10.35,0.1,942058,757,9783.52
2014-05-05,ORANGEPL,10.3,10.41,10.23,10.24,-1.06,987383,986,10184.29
2014-05-06,ORANGEPL,10.25,10.39,10.25,10.38,1.37,836754,607,8635.93
2014-05-07,ORANGEPL,10.34,10.46,10.11,10.37,-0.1,2313799,1424,23994.37
2014-05-08,ORANGEPL,10.3,10.4,10.16,10.16,-2.03,1406346,1491,14402.12
2014-05-09,ORANGEPL,10.29,10.33,10.14,10.25,0.89,1512264,712,15413.03
2014-05-12,ORANGEPL,10.25,10.45,10.2,10.3,0.49,952451,864,9830.19
2014-05-13,ORANGEPL,10.35,10.43,10.31,10.35,0.49,877741,827,9115.15
2014-05-14,ORANGEPL,10.34,10.38,10.21,10.27,-0.77,1317095,810,13529.88
2014-05-15,ORANGEPL,10.3,10.38,10.18,10.23,-0.39,1339271,812,13757.36
2014-05-16,ORANGEPL,10.26,10.44,10.19,10.44,2.05,1553854,1214,16050.06
2014-05-19,ORANGEPL,10.4,10.79,10.38,10.7,2.49,1960939,1769,20830.11
2014-05-20,ORANGEPL,10.68,10.77,10.49,10.68,-0.19,1263089,824,13438.13
2014-05-21,ORANGEPL,10.69,10.75,10.5,10.55,-1.22,1912092,1046,20392.77
2014-05-22,ORANGEPL,10.6,10.68,10.35,10.5,-0.47,3221984,1795,33988.03
2014-05-23,ORANGEPL,10.54,10.57,10.36,10.4,-0.95,1819143,1208,18956.41
2014-05-26,ORANGEPL,10.47,10.48,10.26,10.33,-0.67,1369063,1227,14162.47
2014-05-27,ORANGEPL,10.31,10.39,10.2,10.35,0.19,1527890,1132,15748.23
2014-05-28,ORANGEPL,10.38,10.43,10.28,10.35,0,824929,702,8545.07
2014-05-29,ORANGEPL,10.31,10.45,10.31,10.45,0.97,580590,561,6035.77
2014-05-30,ORANGEPL,10.42,10.45,10.28,10.45,0,2582154,1006,26900.21
2014-06-02,ORANGEPL,10.45,10.51,10.37,10.5,0.48,1164477,1035,12175.07
2014-06-03,ORANGEPL,10.54,10.58,10.44,10.54,0.38,1777050,1315,18710.8
2014-06-04,ORANGEPL,10.45,10.6,10.43,10.48,-0.57,2149949,767,22554.44
2014-06-05,ORANGEPL,10.58,10.67,10.49,10.57,0.86,1550072,1213,16413.05
2014-06-06,ORANGEPL,10.64,10.64,10.49,10.64,0.66,1101439,1163,11644.31
2014-06-09,ORANGEPL,10.66,10.68,10.52,10.57,-0.66,879491,792,9326.02
2014-06-10,ORANGEPL,10.57,10.67,10.54,10.57,0,1753594,1260,18604.43
2014-06-11,ORANGEPL,10.65,10.66,10.42,10.5,-0.66,4379613,1818,46045.5
2014-06-12,ORANGEPL,10.55,10.55,10.4,10.41,-0.86,1218963,692,12730.89
2014-06-13,ORANGEPL,10.48,10.5,10.29,10.4,-0.1,2042503,1415,21201.43
2014-06-16,ORANGEPL,10.39,10.4,10.26,10.3,-0.96,1355757,972,13984.87
2014-06-17,ORANGEPL,10.37,10.4,10.22,10.29,-0.1,3092277,1924,31889.84
2014-06-18,ORANGEPL,10.34,10.37,10.24,10.29,0,5357399,1236,55137.3
2014-06-20,ORANGEPL,10.35,10.5,10.29,10.35,0.58,7070047,2904,73783.32
2014-06-23,ORANGEPL,10.37,10.53,10.35,10.5,1.45,4637850,1383,48632.9
2014-06-24,ORANGEPL,10.09,10.1,9.95,9.97,-0.3,2674647,1262,26763.89
2014-06-25,ORANGEPL,9.95,9.99,9.61,9.8,-1.71,3024602,1715,29794.25
2014-06-26,ORANGEPL,9.9,9.9,9.63,9.79,-0.1,1110171,1043,10845.07
2014-06-27,ORANGEPL,9.7,9.8,9.65,9.7,-0.92,1416521,1047,13799.33
2014-06-30,ORANGEPL,9.8,9.83,9.31,9.7,0,3400986,1579,33021.17
2014-07-01,ORANGEPL,9.63,9.7,9.57,9.67,-0.31,3032574,778,29279.82
2014-07-02,ORANGEPL,9.7,9.74,9.33,9.55,-1.24,2503025,2075,23960.76
2014-07-03,ORANGEPL,9.45,9.59,9.2,9.59,0.42,2878759,2678,26908.44
2014-07-04,ORANGEPL,9.6,9.6,9.37,9.37,-2.29,1523959,1145,14413.78
2014-07-07,ORANGEPL,9.33,9.55,9.24,9.4,0.32,1212136,800,11421.43
2014-07-08,ORANGEPL,9.43,9.57,9.41,9.45,0.53,2512823,980,23795.75
2014-07-09,ORANGEPL,9.53,9.53,9.28,9.32,-1.38,839173,520,7867.32
2014-07-10,ORANGEPL,9.5,9.5,9.29,9.45,1.39,3519070,1154,33111.72
2014-07-11,ORANGEPL,9.44,9.66,9.44,9.58,1.38,1669736,757,15903.98
2014-07-14,ORANGEPL,9.67,9.67,9.46,9.65,0.73,2273807,915,21832.85
2014-07-15,ORANGEPL,9.55,9.6,9.46,9.53,-1.24,1163982,750,11103.22
2014-07-16,ORANGEPL,9.5,9.6,9.47,9.53,0,2261372,643,21538.71
2014-07-17,ORANGEPL,9.55,9.58,9.42,9.5,-0.31,2976473,1038,28240.56
2014-07-18,ORANGEPL,9.43,9.6,9.43,9.55,0.53,826556,701,7888.6
2014-07-21,ORANGEPL,9.62,9.64,9.55,9.59,0.42,1063968,547,10209.23
2014-07-22,ORANGEPL,9.54,9.65,9.46,9.46,-1.36,972062,573,9260.64
2014-07-23,ORANGEPL,9.53,9.66,9.49,9.63,1.8,1831267,638,17639.18
2014-07-24,ORANGEPL,9.66,9.84,9.6,9.8,1.77,1321946,1082,12914.09
2014-07-25,ORANGEPL,9.82,10.04,9.82,9.91,1.12,5504980,1582,54822.89
2014-07-28,ORANGEPL,9.91,10.17,9.91,10.16,2.52,9366018,825,93847.88
2014-07-29,ORANGEPL,10.13,10.16,10.07,10.11,-0.49,3032759,884,30734.82
2014-07-30,ORANGEPL,10.05,10.06,9.79,9.96,-1.48,1478819,809,14728.1
2014-07-31,ORANGEPL,9.97,10.3,9.78,10.3,3.41,2663472,1041,27048.75
2014-08-01,ORANGEPL,10.16,10.45,10.16,10.37,0.68,3833542,1462,39556.31
2014-08-04,ORANGEPL,10.36,10.4,10.19,10.25,-1.16,2099751,1636,21570.92
2014-08-05,ORANGEPL,10.21,10.3,9.95,10.07,-1.76,2014506,1544,20321.63
2014-08-06,ORANGEPL,9.95,10.27,9.91,10.2,1.29,6506514,1352,66059.1
2014-08-07,ORANGEPL,10.28,10.28,10.09,10.12,-0.78,3805693,1980,38642.37
2014-08-08,ORANGEPL,10.05,10.06,9.9,9.98,-1.38,1881943,1213,18813.42
2014-08-11,ORANGEPL,10.02,10.02,9.76,9.93,-0.5,1163532,805,11512.99
2014-08-12,ORANGEPL,9.85,9.98,9.76,9.91,-0.2,5329020,1374,52700.73
2014-08-13,ORANGEPL,9.99,10.09,9.89,10.07,1.61,5817003,1818,58159.26
2014-08-14,ORANGEPL,10.14,10.15,10.02,10.15,0.79,4752789,2598,48037.38
2014-08-18,ORANGEPL,10.14,10.3,10.1,10.28,1.28,2487502,2236,25439.67
2014-08-19,ORANGEPL,10.3,10.44,10.01,10.43,1.46,3373873,2313,34727.28
2014-08-20,ORANGEPL,10.41,10.66,10.34,10.66,2.21,4575843,2317,48325.58
2014-08-21,ORANGEPL,10.66,10.93,10.66,10.88,2.06,3891983,2166,42181.53
2014-08-22,ORANGEPL,10.95,10.95,10.74,10.89,0.09,2366733,1283,25634.25
2014-08-25,ORANGEPL,10.94,10.94,10.81,10.94,0.46,1435362,573,15603.46
2014-08-26,ORANGEPL,10.85,10.97,10.81,10.93,-0.09,2823681,805,30785.8
2014-08-27,ORANGEPL,10.93,10.93,10.78,10.89,-0.37,2151640,676,23446.22
2014-08-28,ORANGEPL,10.76,10.88,10.67,10.8,-0.83,1922923,1108,20706.33
2014-08-29,ORANGEPL,10.75,10.86,10.57,10.74,-0.56,3138721,1454,33678.31
2014-09-01,ORANGEPL,10.79,10.81,10.65,10.75,0.09,969672,570,10372.45
2014-09-02,ORANGEPL,10.8,10.95,10.64,10.88,1.21,1599963,823,17367.61
2014-09-03,ORANGEPL,10.8,10.95,10.78,10.94,0.55,3283945,971,35794.17
2014-09-04,ORANGEPL,10.99,10.99,10.75,10.88,-0.55,1927228,1442,20949.94
2014-09-05,ORANGEPL,10.72,10.87,10.68,10.78,-0.92,2352716,1138,25372.15
2014-09-08,ORANGEPL,10.85,11.08,10.73,10.99,1.95,2318358,1654,25284.14
2014-09-09,ORANGEPL,10.99,11.19,10.89,11.19,1.82,3453080,1423,38422.17
2014-09-10,ORANGEPL,11.13,11.3,11.13,11.3,0.98,5336799,1282,59950.67
2014-09-11,ORANGEPL,11.34,11.48,11.24,11.25,-0.44,3613584,1957,41125.68
2014-09-12,ORANGEPL,11.2,11.4,11.14,11.4,1.33,1316382,955,14902.08
2014-09-15,ORANGEPL,11.36,11.39,11.18,11.34,-0.53,1434494,965,16207.7
2014-09-16,ORANGEPL,11.33,11.34,11.15,11.34,0,2453507,1420,27572.35
2014-09-17,ORANGEPL,11.35,11.35,11.13,11.3,-0.35,2790845,1056,31431.63
2014-09-18,ORANGEPL,11.18,11.35,11.18,11.35,0.44,822349,780,9287.24
2014-09-19,ORANGEPL,11.35,11.98,11.3,11.89,4.76,7339229,4467,86253.76
2014-09-22,ORANGEPL,11.72,11.95,11.7,11.7,-1.6,1588508,1509,18738.06
2014-09-23,ORANGEPL,11.71,12.13,11.71,11.86,1.37,3273891,1838,38859.05
2014-09-24,ORANGEPL,11.84,12,11.41,11.52,-2.87,3060903,2527,35367.37
2014-09-25,ORANGEPL,11.46,11.75,11.42,11.47,-0.43,1912810,1309,22082
2014-09-26,ORANGEPL,11.45,11.55,11.23,11.31,-1.39,1868042,2112,21127.42
2014-09-29,ORANGEPL,11.2,11.6,11.2,11.41,0.88,3017585,1632,34466.09
2014-09-30,ORANGEPL,11.39,11.82,11.39,11.65,2.1,5090832,2306,59146.38
2014-10-01,ORANGEPL,11.69,11.87,11.41,11.5,-1.29,2272466,1400,26313.42
2014-10-02,ORANGEPL,11.5,11.71,11.23,11.71,1.83,1601832,1263,18440.42
2014-10-03,ORANGEPL,11.68,11.89,11.48,11.68,-0.26,3209759,2260,37448.32
2014-10-06,ORANGEPL,11.75,11.75,11.25,11.25,-3.68,4203374,2658,47776.66
2014-10-07,ORANGEPL,11.27,11.32,11.11,11.11,-1.24,2597815,1585,29070.76
2014-10-08,ORANGEPL,11.03,11.18,10.71,10.71,-3.6,4886238,3088,53477.05
2014-10-09,ORANGEPL,10.84,11,10.64,10.7,-0.09,4479696,2745,48350.67
2014-10-10,ORANGEPL,10.65,10.81,10.43,10.43,-2.52,3060869,1910,32518.08
2014-10-13,ORANGEPL,10.44,10.55,9.95,10.05,-3.64,3188434,2838,32701
2014-10-14,ORANGEPL,10,10.25,9.76,10,-0.5,21245233,4256,209250.83
2014-10-15,ORANGEPL,10.02,10.11,9.75,9.88,-1.2,12842886,2794,127715.57
2014-10-16,ORANGEPL,9.9,10,9.72,9.73,-1.52,5704400,3345,56033.19
2014-10-17,ORANGEPL,9.8,10.09,9.76,10.09,3.7,13491790,3640,135088.51
2014-10-20,ORANGEPL,10.18,10.18,10,10.05,-0.4,3773738,2081,38012.4
2014-10-21,ORANGEPL,10.02,10.08,9.85,9.9,-1.49,4526883,2695,44985.28
2014-10-22,ORANGEPL,9.95,9.97,9.83,9.95,0.51,4775735,1989,47267.01
2014-10-23,ORANGEPL,9.91,10.25,9.81,10.21,2.61,8603050,2643,87227.53
2014-10-24,ORANGEPL,10.2,10.28,10.15,10.2,-0.1,2164310,1508,22126.28
2014-10-27,ORANGEPL,10.27,10.27,10.1,10.27,0.69,1862703,1204,18993.15
2014-10-28,ORANGEPL,10.26,10.28,10.15,10.17,-0.97,3620899,1514,36909.82
2014-10-29,ORANGEPL,10.19,10.22,10.1,10.22,0.49,2645218,1210,26967.2
2014-10-30,ORANGEPL,10.2,10.24,10.09,10.17,-0.49,4984969,1118,50714.2
2014-10-31,ORANGEPL,10.23,10.26,10.1,10.1,-0.69,3468341,1351,35213
2014-11-03,ORANGEPL,10.1,10.12,9.92,10.08,-0.2,2988315,1523,29849.04
2014-11-04,ORANGEPL,10.06,10.13,9.95,9.98,-0.99,2099818,1181,20978.16
2014-11-05,ORANGEPL,10.02,10.1,9.92,9.92,-0.6,2065599,1146,20625.97
2014-11-06,ORANGEPL,9.96,10.06,9.93,9.95,0.3,2521062,779,25157.11
2014-11-07,ORANGEPL,9.95,10.01,9.88,9.88,-0.7,2358744,1330,23486.23
2014-11-10,ORANGEPL,9.98,9.98,9.88,9.92,0.4,788546,744,7825.35
2014-11-12,ORANGEPL,9.98,9.98,9.8,9.8,-1.21,1818848,1383,17965.8
2014-11-13,ORANGEPL,9.78,9.89,9.56,9.56,-2.45,1732384,1487,16793.68
2014-11-14,ORANGEPL,9.65,9.76,9.53,9.76,2.09,2362202,1851,22857.43
2014-11-17,ORANGEPL,9.76,9.79,9.66,9.67,-0.92,1090096,702,10588.33
2014-11-18,ORANGEPL,9.66,9.7,9.41,9.5,-1.76,1728813,1930,16414.38
2014-11-19,ORANGEPL,9.49,9.49,9.09,9.12,-4,5199957,2344,47985.65
2014-11-20,ORANGEPL,9.07,9.26,9.06,9.1,-0.22,1948562,1955,17853.85
2014-11-21,ORANGEPL,9.2,9.49,9.2,9.43,3.63,5006129,1860,46932.07
2014-11-24,ORANGEPL,9.47,9.65,9.2,9.2,-2.44,1810488,1451,17064.81
2014-11-25,ORANGEPL,9.28,9.46,9.16,9.46,2.83,3323593,1423,31207.37
2014-11-26,ORANGEPL,9.37,9.58,9.37,9.48,0.21,1588680,855,15126.02
2014-11-27,ORANGEPL,9.48,9.57,9.42,9.49,0.11,1208690,744,11477.86
2014-11-28,ORANGEPL,9.53,9.55,9.4,9.49,0,3082206,892,29236.91
2014-12-01,ORANGEPL,9.42,9.6,9.42,9.5,0.11,2005255,995,19060.93
2014-12-02,ORANGEPL,9.5,9.51,9.32,9.5,0,1213727,959,11459.76
2014-12-03,ORANGEPL,9.5,9.53,9.44,9.45,-0.53,1573752,1174,14938.57
2014-12-04,ORANGEPL,9.43,9.52,9.2,9.3,-1.59,1404221,1070,13189.65
2014-12-05,ORANGEPL,9.35,9.38,9.22,9.34,0.43,1226239,992,11400.43
2014-12-08,ORANGEPL,9.35,9.35,9.06,9.09,-2.68,2795070,1621,25788.89
2014-12-09,ORANGEPL,9.16,9.2,8.83,9,-0.99,3403288,1698,30781.68
2014-12-10,ORANGEPL,9,9.14,8.81,8.85,-1.67,6313813,1818,56709.38
2014-12-11,ORANGEPL,8.85,8.95,8.53,8.85,0,5055275,2684,44073.39
2014-12-12,ORANGEPL,8.8,8.87,8.7,8.85,0,6690135,1607,58805.22
2014-12-15,ORANGEPL,8.85,8.93,8.35,8.36,-5.54,4423349,2092,38352.43
2014-12-16,ORANGEPL,8.35,8.35,8.04,8.18,-2.15,10934150,2970,89440.83
2014-12-17,ORANGEPL,8.18,8.28,8.11,8.22,0.49,5622916,1662,45878.21
2014-12-18,ORANGEPL,8.34,8.5,8.24,8.45,2.8,3276738,1719,27591.81
2014-12-19,ORANGEPL,8.53,8.53,8.32,8.34,-1.3,4239383,2714,35464.03
2014-12-22,ORANGEPL,8.34,8.44,8.33,8.43,1.08,2061352,1115,17304.76
2014-12-23,ORANGEPL,8.44,8.48,8.39,8.46,0.36,3086814,970,25989.93
2014-12-29,ORANGEPL,8.46,8.46,8.34,8.38,-0.95,2260797,1006,18968.06
2014-12-30,ORANGEPL,8.32,8.42,8.22,8.32,-0.72,1857340,1051,15463.52
2015-01-02,ORANGEPL,8.31,8.35,8.26,8.3,-0.24,1111077,857,9220.02
2015-01-05,ORANGEPL,8.28,8.31,8.17,8.19,-1.33,1911872,1364,15718.38
2015-01-07,ORANGEPL,8.2,8.35,8.17,8.2,0.12,2930139,2144,24148.87
2015-01-08,ORANGEPL,8.22,8.32,8.15,8.22,0.24,2732336,1345,22485.58
2015-01-09,ORANGEPL,8.25,8.25,8.07,8.11,-1.34,2557727,1726,20786.83
2015-01-12,ORANGEPL,8.11,8.12,7.95,7.95,-1.97,2632522,1770,21110.16
2015-01-13,ORANGEPL,7.98,8.28,7.95,8.21,3.27,2467648,1690,20082.8
2015-01-14,ORANGEPL,8.15,8.25,8.11,8.24,0.37,3162926,1591,25913.06
2015-01-15,ORANGEPL,8.26,8.45,8.22,8.22,-0.24,4350979,3238,36212.87
2015-01-16,ORANGEPL,8.2,8.22,7.97,8.02,-2.43,3511048,2236,28370.54
2015-01-19,ORANGEPL,8.04,8.13,7.8,7.96,-0.75,2864143,1270,22706.5
2015-01-20,ORANGEPL,7.98,8,7.77,7.79,-2.14,1454770,1400,11394.95
2015-01-21,ORANGEPL,7.79,7.79,7.67,7.78,-0.13,2730298,1543,21095.36
2015-01-22,ORANGEPL,7.8,7.95,7.76,7.81,0.39,1945784,1617,15312.67
2015-01-23,ORANGEPL,7.9,8.43,7.83,8.2,4.99,4825359,2972,39643.7
2015-01-26,ORANGEPL,8.4,8.8,8.32,8.77,6.95,4315857,2884,37115.55
2015-01-27,ORANGEPL,8.77,8.95,8.73,8.95,2.05,6535323,2433,57940.61
2015-01-28,ORANGEPL,8.9,9.1,8.88,9,0.56,3254998,1863,29217.26
2015-01-29,ORANGEPL,9,9.01,8.88,8.96,-0.44,3254511,1526,29119.17
2015-01-30,ORANGEPL,9,9,8.84,8.95,-0.11,2300656,900,20507.36
2015-02-02,ORANGEPL,8.88,8.94,8.81,8.9,-0.56,3923054,2916,34769.43
2015-02-03,ORANGEPL,8.89,8.89,8.72,8.85,-0.56,8359884,3461,73527.85
2015-02-04,ORANGEPL,8.82,8.95,8.82,8.88,0.34,2888957,1065,25651.1
2015-02-05,ORANGEPL,8.85,8.94,8.82,8.85,-0.34,5161217,1142,45725.18
2015-02-06,ORANGEPL,8.82,8.94,8.82,8.9,0.56,1409134,694,12531.63
2015-02-09,ORANGEPL,8.94,8.94,8.85,8.9,0,1526236,1169,13577.93
2015-02-10,ORANGEPL,8.87,8.95,8.8,8.9,0,3279965,1454,29146.52
2015-02-11,ORANGEPL,8.9,8.9,8.77,8.85,-0.56,18665367,1370,165487.19
2015-02-12,ORANGEPL,8.9,8.9,8.48,8.49,-4.07,2368928,1514,20338.6
2015-02-13,ORANGEPL,9.1,9.43,9.1,9.4,10.72,5975586,3079,55296.68
2015-02-16,ORANGEPL,9.4,9.47,9.3,9.4,0,3779244,1584,35536.78
2015-02-17,ORANGEPL,9.37,9.47,9.31,9.35,-0.53,11987110,1029,112650.3
2015-02-18,ORANGEPL,9.37,9.44,9.27,9.31,-0.43,1755447,1212,16371.48
2015-02-19,ORANGEPL,9.3,9.35,9.28,9.31,0,1774167,668,16523.91
2015-02-20,ORANGEPL,9.36,9.36,9.2,9.3,-0.11,1227660,489,11376.98
2015-02-23,ORANGEPL,9.3,9.45,9.3,9.43,1.4,2323206,1622,21834.77
2015-02-24,ORANGEPL,9.49,9.7,9.48,9.55,1.27,3363631,2245,32216.53
2015-02-25,ORANGEPL,9.57,9.7,9.55,9.63,0.84,5576937,1596,53632.62
2015-02-26,ORANGEPL,9.62,9.79,9.6,9.77,1.45,3300984,1902,32125.31
2015-02-27,ORANGEPL,9.68,10,9.68,9.87,1.02,2857162,1514,28178.75
2015-03-02,ORANGEPL,9.95,10.02,9.72,9.75,-1.22,4058881,1454,39881.97
2015-03-03,ORANGEPL,9.75,9.78,9.53,9.53,-2.26,2088741,1347,20106.75
2015-03-04,ORANGEPL,9.59,9.59,9.38,9.46,-0.73,1119798,1006,10611.27
2015-03-05,ORANGEPL,9.47,9.57,9.44,9.46,0,1787009,1379,16942.36
2015-03-06,ORANGEPL,9.45,9.52,9.29,9.29,-1.8,1432771,965,13465.52
2015-03-09,ORANGEPL,9.25,9.35,9.2,9.21,-0.86,2360819,1400,21875.44
2015-03-10,ORANGEPL,9.19,9.35,9.15,9.28,0.76,2093370,1693,19296.29
2015-03-11,ORANGEPL,9.35,9.51,9.27,9.45,1.83,1807691,1210,16939.7
2015-03-12,ORANGEPL,9.45,9.52,9.33,9.52,0.74,1454855,942,13770.58
2015-03-13,ORANGEPL,9.49,9.56,9.2,9.2,-3.36,6108161,2517,57351.49
2015-03-16,ORANGEPL,9.17,9.3,9.02,9.18,-0.22,1917346,1368,17501.57
2015-03-17,ORANGEPL,9.21,9.25,9.07,9.25,0.76,1111548,956,10185.25
2015-03-18,ORANGEPL,9.22,9.44,9.15,9.44,2.05,1004268,1168,9404.81
2015-03-19,ORANGEPL,9.44,9.62,9.4,9.5,0.64,2076368,1448,19747.17
2015-03-20,ORANGEPL,9.53,9.66,9.44,9.56,0.63,3452835,2047,33034.45
2015-03-23,ORANGEPL,9.55,9.58,9.4,9.42,-1.46,878543,605,8305.97
2015-03-24,ORANGEPL,9.4,9.55,9.4,9.51,0.96,939705,675,8923.68
2015-03-25,ORANGEPL,9.51,9.54,9.4,9.4,-1.16,1345064,787,12689.52
2015-03-26,ORANGEPL,9.35,9.47,9.32,9.4,0,873887,753,8205.31
2015-03-27,ORANGEPL,9.37,9.45,9.33,9.36,-0.43,851197,575,7973.35
2015-03-30,ORANGEPL,9.37,9.55,9.35,9.5,1.5,1464878,583,13936.99
2015-03-31,ORANGEPL,9.46,9.58,9.45,9.53,0.32,1477403,594,14076.41
2015-04-01,ORANGEPL,9.53,9.6,9.5,9.6,0.73,1666595,574,15973.1
2015-04-02,ORANGEPL,9.62,9.82,9.61,9.82,2.29,874053,864,8508.86
2015-04-07,ORANGEPL,9.8,10.06,9.76,9.99,1.73,2452519,1470,24432.3
2015-04-08,ORANGEPL,10,10.05,9.94,10,0.1,4056239,1549,40498.89
2015-04-09,ORANGEPL,9.99,10.19,9.98,10.08,0.8,2645790,978,26556.11
2015-04-10,ORANGEPL,10.08,10.19,10.04,10.12,0.4,1262347,878,12759.62
2015-04-13,ORANGEPL,10.13,10.34,10.06,10.15,0.3,3572595,1461,36388.05
2015-04-14,ORANGEPL,10.16,10.25,10.02,10.1,-0.49,1683179,1163,17063.22
2015-04-15,ORANGEPL,10.08,10.23,10.01,10.1,0,2291425,1246,23159.67
2015-04-16,ORANGEPL,10.18,10.22,10.13,10.22,1.19,1549842,1002,15782.24
2015-04-17,ORANGEPL,10.13,10.22,10.13,10.15,-0.68,1763344,954,17907.32
2015-04-20,ORANGEPL,10.15,10.3,10.15,10.27,1.18,1630932,1542,16671.02
2015-04-21,ORANGEPL,10.3,10.43,10.29,10.42,1.46,2173160,1604,22596.48
2015-04-22,ORANGEPL,10.4,10.48,10.28,10.28,-1.34,3365992,1690,34848.96
2015-04-23,ORANGEPL,10.4,10.4,10.16,10.27,-0.1,2130312,1330,21866.54
2015-04-24,ORANGEPL,10.27,10.35,10.18,10.23,-0.39,1432856,941,14644.31
2015-04-27,ORANGEPL,10.23,10.39,10.17,10.39,1.56,2464782,1161,25401.42
2015-04-28,ORANGEPL,10.38,10.4,10.15,10.2,-1.83,3099393,1465,31711.57
2015-04-29,ORANGEPL,10.28,10.29,10.19,10.21,0.1,1747178,949,17857.68
2015-04-30,ORANGEPL,10.2,10.27,10.12,10.2,-0.1,4667745,1228,47590.42
2015-05-04,ORANGEPL,10.29,10.3,10.02,10.12,-0.78,999685,729,10126.75
2015-05-05,ORANGEPL,10.1,10.19,9.99,10.05,-0.69,1905045,1238,19151.78
2015-05-06,ORANGEPL,10,10.15,9.97,9.97,-0.8,5997502,2328,60186.69
2015-05-07,ORANGEPL,9.96,10.04,9.81,10.04,0.7,4605334,1688,45623.14
2015-05-08,ORANGEPL,10.07,10.09,9.95,10.03,-0.1,1833214,932,18355.55
2015-05-11,ORANGEPL,10,10.25,9.95,10.2,1.69,1214354,881,12293.18
2015-05-12,ORANGEPL,10.12,10.33,10.1,10.25,0.49,1291966,1424,13230.09
2015-05-13,ORANGEPL,10.23,10.36,10.18,10.18,-0.68,1415987,971,14524.16
2015-05-14,ORANGEPL,10.18,10.35,10.14,10.34,1.57,1584982,1253,16348.8
2015-05-15,ORANGEPL,10.22,10.44,10.22,10.36,0.19,1087673,835,11305.57
2015-05-18,ORANGEPL,10.33,10.42,10.28,10.28,-0.77,845847,760,8773.31
2015-05-19,ORANGEPL,10.3,10.3,10.03,10.21,-0.68,2600307,2229,26348.84
2015-05-20,ORANGEPL,10.1,10.29,10.09,10.24,0.29,981898,995,9991.51
2015-05-21,ORANGEPL,10.21,10.42,10.2,10.4,1.56,1399245,990,14454.97
2015-05-22,ORANGEPL,10.4,10.55,10.35,10.44,0.38,1819354,1043,19006.07
2015-05-25,ORANGEPL,10.3,10.44,10.27,10.34,-0.96,894039,715,9251.44
2015-05-26,ORANGEPL,10.3,10.45,10.28,10.37,0.29,1395036,833,14508.22
2015-05-27,ORANGEPL,10.31,10.5,10.28,10.5,1.25,2337672,1548,24342.11
2015-05-28,ORANGEPL,10.47,10.57,10.41,10.5,0,1460497,1158,15308.59
2015-05-29,ORANGEPL,10.5,10.62,10.38,10.38,-1.14,2792617,1688,29185.39
2015-06-01,ORANGEPL,10.38,10.48,10.29,10.35,-0.29,3045363,1835,31631.92
2015-06-02,ORANGEPL,10.35,10.38,10.1,10.1,-2.42,2376627,2136,24209.8
2015-06-03,ORANGEPL,10.11,10.13,9.8,9.8,-2.97,1789679,1878,17712.27
2015-06-05,ORANGEPL,9.46,9.87,9.4,9.58,-2.24,1967216,1734,18920.52
2015-06-08,ORANGEPL,9.62,9.68,9.41,9.41,-1.77,1403111,1279,13362.82
2015-06-09,ORANGEPL,9.42,9.48,9.02,9.13,-2.98,3759060,2338,34542.16
2015-06-10,ORANGEPL,9.15,9.33,8.93,9.18,0.55,6410610,2780,58521.48
2015-06-11,ORANGEPL,9.18,9.2,9.06,9.11,-0.76,1373738,1051,12538.05
2015-06-12,ORANGEPL,9.11,9.25,9.07,9.08,-0.33,1955684,1484,17862.1
2015-06-15,ORANGEPL,9.12,9.12,9.05,9.08,0,784846,1021,7118.34
2015-06-16,ORANGEPL,9.1,9.1,8.89,8.9,-1.98,1520988,1350,13622.26
2015-06-17,ORANGEPL,8.96,8.96,8.56,8.75,-1.69,2514704,2076,21946.98
2015-06-18,ORANGEPL,8.76,8.98,8.71,8.89,1.6,2817720,1580,24985.98
2015-06-19,ORANGEPL,8.97,8.98,8.6,8.6,-3.26,3706019,2386,32254.11
2015-06-22,ORANGEPL,8.8,9.01,8.75,8.83,2.67,1980024,1501,17525.45
2015-06-23,ORANGEPL,8.88,9.01,8.86,8.89,0.68,1812726,1440,16211.63
2015-06-24,ORANGEPL,8.48,8.53,8.42,8.47,0.95,912189,1383,7730.13
2015-06-25,ORANGEPL,8.47,8.51,8.32,8.35,-1.42,1256879,1244,10521.12
2015-06-26,ORANGEPL,8.39,8.47,8.32,8.39,0.48,861220,674,7234.57
2015-06-29,ORANGEPL,8.05,8.25,7.96,8.25,-1.67,1203001,1208,9818.86
2015-06-30,ORANGEPL,8.15,8.19,8.03,8.16,-1.09,2517627,1795,20473.85
2015-07-01,ORANGEPL,8.17,8.23,8.14,8.16,0,1572005,1294,12858.83
2015-07-02,ORANGEPL,8.23,8.38,8.2,8.35,2.33,1929474,1788,16035.65
2015-07-03,ORANGEPL,8.37,8.39,8.12,8.17,-2.16,849873,1554,7034.57
2015-07-06,ORANGEPL,8.08,8.14,7.97,8.1,-0.86,1289668,644,10442.27
2015-07-07,ORANGEPL,8.11,8.17,7.73,7.76,-4.2,1108852,1259,8718.63
2015-07-08,ORANGEPL,7.8,7.81,7.43,7.57,-2.45,2389650,1977,18037.97
2015-07-09,ORANGEPL,7.6,7.79,7.6,7.64,0.92,1064185,1234,8170.38
2015-07-10,ORANGEPL,7.69,7.75,7.68,7.74,1.31,1334677,965,10331.16
2015-07-13,ORANGEPL,7.8,8.01,7.77,7.99,3.23,1483947,1779,11703.92
2015-07-14,ORANGEPL,8,8.03,7.93,8,0.13,1165566,1254,9284.2
2015-07-15,ORANGEPL,8,8.04,7.87,7.94,-0.75,1571881,942,12466.42
2015-07-16,ORANGEPL,8.03,8.53,7.99,8.53,7.43,5316066,3259,43989.69
2015-07-17,ORANGEPL,8.54,8.54,8.39,8.4,-1.52,3746690,2414,31592.08
2015-07-20,ORANGEPL,8.39,8.39,8.22,8.31,-1.07,1099233,1217,9118.01
2015-07-21,ORANGEPL,8.3,8.31,8.11,8.12,-2.29,1319337,1129,10778.81
2015-07-22,ORANGEPL,8.1,8.1,7.91,8,-1.48,1903975,1539,15206.91
2015-07-23,ORANGEPL,8.09,8.27,8.01,8.2,2.5,1385596,1113,11338.75
2015-07-24,ORANGEPL,8.12,8.21,8,8.06,-1.71,1237257,979,9978.06
2015-07-27,ORANGEPL,8.02,8.13,7.89,8.06,0,867156,919,6967.31
2015-07-28,ORANGEPL,8.26,8.53,8.21,8.22,1.99,2944420,3326,24539.29
2015-07-29,ORANGEPL,8.35,8.44,8.15,8.15,-0.85,1715831,1230,14119.3
2015-07-30,ORANGEPL,8.2,8.21,8,8.05,-1.23,1154916,978,9298.28
2015-07-31,ORANGEPL,8.11,8.17,8.01,8.13,0.99,1535337,1064,12413.08
2015-08-03,ORANGEPL,8.1,8.2,8.06,8.12,-0.12,607822,414,4946.97
2015-08-04,ORANGEPL,8.14,8.14,8.05,8.14,0.25,865397,969,7008.35
2015-08-05,ORANGEPL,8.14,8.18,8.07,8.12,-0.25,1013073,815,8223.17
2015-08-06,ORANGEPL,8.06,8.18,7.87,7.97,-1.85,2798093,1824,22391.05
2015-08-07,ORANGEPL,8,8.04,7.72,7.72,-3.14,1280284,1345,10024.93
2015-08-10,ORANGEPL,7.8,7.85,7.63,7.69,-0.39,866350,1464,6693.89
2015-08-11,ORANGEPL,7.66,7.85,7.51,7.73,0.52,2411662,1795,18637.27
2015-08-12,ORANGEPL,7.81,8.27,7.61,8.08,4.53,2850732,2177,22886.85
2015-08-13,ORANGEPL,8.15,8.36,7.87,7.9,-2.23,4614986,2814,37188.99
2015-08-14,ORANGEPL,7.94,8,7.82,7.95,0.63,1371033,888,10816.81
2015-08-17,ORANGEPL,7.99,8.02,7.84,7.84,-1.38,2082143,1414,16450.34
2015-08-18,ORANGEPL,7.81,7.89,7.72,7.75,-1.15,3097904,1215,24270.83
2015-08-19,ORANGEPL,7.72,7.95,7.65,7.95,2.58,2244406,1558,17496.79
2015-08-20,ORANGEPL,7.95,7.96,7.75,7.8,-1.89,1400222,793,11045.88
2015-08-21,ORANGEPL,7.7,7.8,7.65,7.7,-1.28,2069783,1346,15981.41
2015-08-24,ORANGEPL,7.59,7.59,7.05,7.2,-6.49,3960925,2880,28696.58
2015-08-25,ORANGEPL,7.07,7.49,7.07,7.2,0,2886132,2152,21091.94
2015-08-26,ORANGEPL,7.21,7.27,7.05,7.08,-1.67,3948494,2399,28200.24
2015-08-27,ORANGEPL,7.12,7.24,7.07,7.11,0.42,2832528,2023,20243.95
2015-08-28,ORANGEPL,7.15,7.23,7.12,7.22,1.55,1921544,1671,13799.92
2015-08-31,ORANGEPL,7.22,7.22,7.06,7.1,-1.66,3259949,1747,23252.42
2015-09-01,ORANGEPL,7.07,7.17,6.96,7.06,-0.56,1590597,1088,11224.08
2015-09-02,ORANGEPL,7.09,7.17,7.06,7.09,0.42,1272159,927,9062.61
2015-09-03,ORANGEPL,6.97,7.15,6.92,7.1,0.14,2822876,1457,19845.95
2015-09-04,ORANGEPL,7.1,7.38,7.1,7.23,1.83,3003557,1668,21721.69
2015-09-07,ORANGEPL,7.21,7.36,7.17,7.23,0,967008,709,6995.52
2015-09-08,ORANGEPL,7.3,7.3,7.19,7.22,-0.14,1158093,800,8363.67
2015-09-09,ORANGEPL,7.28,7.45,7.23,7.24,0.28,4564606,2169,33432.17
2015-09-10,ORANGEPL,7.28,7.4,7.23,7.25,0.14,4671812,2419,34050.8
2015-09-11,ORANGEPL,7.3,7.3,7.16,7.18,-0.97,1337499,911,9635.57
2015-09-14,ORANGEPL,7.16,7.29,7.15,7.29,1.53,1955720,934,14155.57
2015-09-15,ORANGEPL,7.25,7.28,7.17,7.28,-0.14,1795389,815,13007.91
2015-09-16,ORANGEPL,7.27,7.43,7.25,7.39,1.51,1499968,1434,11039.16
2015-09-17,ORANGEPL,7.38,7.48,7.3,7.34,-0.68,1921859,2071,14177.92
2015-09-18,ORANGEPL,7.36,7.46,7.21,7.25,-1.23,4358293,2798,31884.9
2015-09-21,ORANGEPL,7.31,7.43,7.31,7.35,1.38,1100063,1178,8112.5
2015-09-22,ORANGEPL,7.39,7.43,7.28,7.39,0.54,593082,564,4362.91
2015-09-23,ORANGEPL,7.39,7.44,7.29,7.38,-0.14,1513022,1332,11187.19
2015-09-24,ORANGEPL,7.42,7.81,7.42,7.58,2.71,6012833,2741,45750.84
2015-09-25,ORANGEPL,7.58,7.66,7.25,7.3,-3.69,2937243,1702,21793.79
2015-09-28,ORANGEPL,7.3,7.34,7.05,7.12,-2.47,1537673,1350,11036.96
2015-09-29,ORANGEPL,7.07,7.19,7.03,7.15,0.42,1900828,1685,13533.46
2015-09-30,ORANGEPL,7.15,7.34,7.12,7.27,1.68,1957726,1577,14175.91
2015-10-01,ORANGEPL,7.32,7.33,7.02,7.05,-3.03,2166280,2302,15463.28
2015-10-02,ORANGEPL,7.08,7.12,7.03,7.03,-0.28,1413726,1131,9979.05
2015-10-05,ORANGEPL,7.1,7.24,7.05,7.13,1.42,1324019,1577,9499.43
2015-10-06,ORANGEPL,7.2,7.54,7.15,7.44,4.35,3218798,1760,23665.95
2015-10-07,ORANGEPL,7.4,7.55,7.32,7.5,0.81,2573587,2781,19189.86
2015-10-08,ORANGEPL,7.41,7.55,7.33,7.47,-0.4,2775361,1895,20728.96
2015-10-09,ORANGEPL,7.54,7.57,7.37,7.5,0.4,1621604,2183,12135.98
2015-10-12,ORANGEPL,7.58,7.71,7.48,7.54,0.53,3657909,2791,27643.49
2015-10-13,ORANGEPL,7.55,7.63,7.51,7.61,0.93,1898850,1654,14359.68
2015-10-14,ORANGEPL,7.61,7.61,7.53,7.55,-0.79,1776120,1472,13425.22
2015-10-15,ORANGEPL,7.5,7.67,7.43,7.6,0.66,1365900,1838,10302.9
2015-10-16,ORANGEPL,7.45,7.5,7.22,7.49,-1.45,3578558,2629,26659.57
2015-10-19,ORANGEPL,7.43,7.59,7.34,7.35,-1.87,3172881,2507,23473.95
2015-10-20,ORANGEPL,7.38,7.45,7.16,7.19,-2.18,2762221,2218,20080.62
2015-10-21,ORANGEPL,7.19,7.29,7.07,7.29,1.39,6689957,1782,48225.91
2015-10-22,ORANGEPL,6.91,7.16,6.9,7.14,-2.06,4466906,2275,31413.13
2015-10-23,ORANGEPL,7.14,7.29,7.08,7.12,-0.28,1482137,1687,10649.04
2015-10-26,ORANGEPL,7.11,7.25,7.07,7.11,-0.14,1252957,1140,8930.98
2015-10-27,ORANGEPL,7.14,7.15,7.06,7.07,-0.56,2756136,1300,19540.16
2015-10-28,ORANGEPL,7.07,7.08,6.98,7,-0.99,5854354,1406,41200.49
2015-10-29,ORANGEPL,7,7.08,6.96,7.02,0.29,4119045,1496,28898.64
2015-10-30,ORANGEPL,7.07,7.12,7.01,7.09,1,2601773,1061,18368.62
2015-11-02,ORANGEPL,7.1,7.19,7.1,7.19,1.41,1319468,989,9445
2015-11-03,ORANGEPL,7.2,7.22,7.11,7.19,0,941597,811,6759.54
2015-11-04,ORANGEPL,7.2,7.22,7.06,7.1,-1.25,1898811,1412,13532.68
2015-11-05,ORANGEPL,7.05,7.08,7.01,7.01,-1.27,1779911,720,12526.58
2015-11-06,ORANGEPL,7.04,7.08,7,7.06,0.71,3343856,905,23577.72
2015-11-09,ORANGEPL,7.09,7.1,7.04,7.08,0.28,1049288,713,7425.06
2015-11-10,ORANGEPL,7.12,7.24,6.99,7.24,2.26,2429510,1605,17245.93
2015-11-12,ORANGEPL,7.24,7.26,7.02,7.02,-3.04,2663411,1200,18838.51
2015-11-13,ORANGEPL,7.04,7.08,6.8,6.85,-2.42,2438067,2108,16892.28
2015-11-16,ORANGEPL,6.77,6.79,6.48,6.58,-3.94,4126779,2920,27238.17
2015-11-17,ORANGEPL,6.5,6.88,6.5,6.79,3.19,2391933,1784,16085.99
2015-11-18,ORANGEPL,6.84,6.99,6.71,6.99,2.95,4562247,2573,31525.15
2015-11-19,ORANGEPL,6.99,7.08,6.92,7,0.14,2180613,1371,15280.27
2015-11-20,ORANGEPL,6.96,7.07,6.93,7.04,0.57,1179619,780,8282.94
2015-11-23,ORANGEPL,7.05,7.07,6.95,7.04,0,1364166,1205,9578.6
2015-11-24,ORANGEPL,6.98,7.06,6.8,6.84,-2.84,1800747,1244,12454.95
2015-11-25,ORANGEPL,6.83,7.06,6.82,6.97,1.9,2174892,1451,15130.55
2015-11-26,ORANGEPL,6.95,7.07,6.81,6.9,-1,775324,1039,5343.56
2015-11-27,ORANGEPL,6.94,6.95,6.69,6.69,-3.04,843636,816,5747.97
2015-11-30,ORANGEPL,6.71,6.95,6.61,6.76,1.05,2583130,1701,17491.05
2015-12-01,ORANGEPL,6.81,6.81,6.55,6.65,-1.63,1102911,968,7339.07
2015-12-02,ORANGEPL,6.6,6.6,6.48,6.5,-2.26,1615531,1661,10563.82
2015-12-03,ORANGEPL,6.49,6.55,6.44,6.5,0,20237691,1495,131571.04
2015-12-04,ORANGEPL,6.49,6.54,6.34,6.45,-0.77,8505835,1711,55004.75
2015-12-07,ORANGEPL,6.5,6.51,6.44,6.48,0.47,3117848,772,20251.39
2015-12-08,ORANGEPL,6.49,6.51,6.41,6.49,0.15,6692739,1248,43468.48
2015-12-09,ORANGEPL,6.49,6.51,6.39,6.47,-0.31,2608866,1220,16892.43
2015-12-10,ORANGEPL,6.5,6.53,6.45,6.45,-0.31,3451411,1514,22362.87
2015-12-11,ORANGEPL,6.52,6.52,6.31,6.35,-1.55,3343548,1811,21530.87
2015-12-14,ORANGEPL,6.35,6.42,6.21,6.22,-2.05,3897328,1777,24666.87
2015-12-15,ORANGEPL,6.25,6.32,6.17,6.19,-0.48,2007131,1709,12539.28
2015-12-16,ORANGEPL,6.19,6.31,6.19,6.31,1.94,2952417,1825,18494.59
2015-12-17,ORANGEPL,6.25,6.58,6.25,6.54,3.65,23762001,2334,154382.25
2015-12-18,ORANGEPL,6.5,6.61,6.44,6.6,0.92,5252109,5185,34358.54
2015-12-21,ORANGEPL,6.6,6.7,6.57,6.69,1.36,1774220,1853,11840.75
2015-12-22,ORANGEPL,6.69,6.7,6.57,6.7,0.15,1576041,1674,10491.5
2015-12-23,ORANGEPL,6.7,6.76,6.66,6.74,0.6,1337869,777,9009.94
2015-12-28,ORANGEPL,6.7,6.78,6.68,6.75,0.15,1650190,1006,11127.6
2015-12-29,ORANGEPL,6.78,6.8,6.7,6.75,0,1473384,1167,9934.72
2015-12-30,ORANGEPL,6.75,6.77,6.51,6.56,-2.81,3612292,1294,23833.46
2016-01-04,ORANGEPL,6.43,6.52,6.38,6.43,-1.98,579920,529,3732.95
2016-01-05,ORANGEPL,6.5,6.52,6.38,6.4,-0.47,2191171,819,14112.65
2016-01-07,ORANGEPL,6.3,6.3,6.1,6.27,-2.03,2830001,1592,17592.15
2016-01-08,ORANGEPL,6.27,6.35,6.12,6.16,-1.75,1824638,1058,11307.98
2016-01-11,ORANGEPL,6.12,6.18,6.04,6.06,-1.62,2253302,1740,13705.88
2016-01-12,ORANGEPL,6.12,6.25,6.12,6.2,2.31,1759575,1050,10918.41
2016-01-13,ORANGEPL,6.27,6.28,6.16,6.21,0.16,1844155,1751,11481.95
2016-01-14,ORANGEPL,6.15,6.22,6.09,6.09,-1.93,2962744,1271,18128.33
2016-01-15,ORANGEPL,6.1,6.19,6.09,6.14,0.82,2399461,1153,14754.46
2016-01-18,ORANGEPL,6.06,6.26,6.06,6.13,-0.16,2181940,1642,13460.52
2016-01-19,ORANGEPL,6.16,6.28,6.11,6.19,0.98,2779197,1291,17318.86
2016-01-20,ORANGEPL,6.15,6.22,6.06,6.06,-2.1,5127525,1521,31298.53
2016-01-21,ORANGEPL,6.1,6.12,6.02,6.03,-0.5,3826090,1625,23253.45
2016-01-22,ORANGEPL,6.07,6.15,6.06,6.11,1.33,10070066,1370,61467.69
2016-01-25,ORANGEPL,6.16,6.2,6.08,6.16,0.82,1256976,878,7730
2016-01-26,ORANGEPL,6.11,6.16,6.02,6.05,-1.79,3031898,1385,18475.35
2016-01-27,ORANGEPL,6.05,6.11,6.03,6.09,0.66,2331229,1575,14133.97
2016-01-28,ORANGEPL,6.09,6.34,6.07,6.23,2.3,3419441,2521,21099.39
2016-01-29,ORANGEPL,6.3,6.55,6.22,6.48,4.01,7134586,3069,45999.21
2016-02-01,ORANGEPL,6.47,6.56,6.37,6.43,-0.77,2565905,1600,16545.82
2016-02-02,ORANGEPL,6.41,6.41,6.28,6.33,-1.56,2008989,984,12705.6
2016-02-03,ORANGEPL,6.27,6.4,6.27,6.35,0.32,3496825,1043,22180.13
2016-02-04,ORANGEPL,6.46,6.55,6.4,6.55,3.15,3916316,1250,25250.66
2016-02-05,ORANGEPL,6.55,6.55,6.47,6.54,-0.15,4740132,784,30954.96
2016-02-08,ORANGEPL,6.57,6.57,6.41,6.5,-0.61,1810764,794,11740.2
2016-02-09,ORANGEPL,6.5,6.54,6.4,6.49,-0.15,3001873,1075,19433.79
2016-02-10,ORANGEPL,6.45,6.56,6.45,6.5,0.15,3514001,875,22905.44
2016-02-11,ORANGEPL,6.5,6.55,6.36,6.5,0,2436202,1245,15781.69
2016-02-12,ORANGEPL,6.48,6.55,6.44,6.46,-0.62,1393004,965,9068.54
2016-02-15,ORANGEPL,6.5,6.56,6.5,6.54,1.24,2158215,1186,14118.59
2016-02-16,ORANGEPL,6.34,6.48,5.95,6.03,-7.8,9124689,5028,56051.5
2016-02-17,ORANGEPL,6.05,6.12,5.84,6.12,1.49,10889586,5101,64989.93
2016-02-18,ORANGEPL,6.11,6.19,6.04,6.19,1.14,3751949,1911,23024.7
2016-02-19,ORANGEPL,6.18,6.18,6.06,6.16,-0.48,2191180,1559,13411.21
2016-02-22,ORANGEPL,6.15,6.23,6.11,6.18,0.32,1616078,1169,10004.61
2016-02-23,ORANGEPL,6.14,6.3,6.14,6.25,1.13,1396457,920,8715.38
2016-02-24,ORANGEPL,6.25,6.32,6.18,6.28,0.48,3496229,995,21861.08
2016-02-25,ORANGEPL,6.24,6.43,6.24,6.43,2.39,5433813,1876,34449.78
2016-02-26,ORANGEPL,6.42,6.54,6.42,6.45,0.31,3885215,1098,25119.69
2016-02-29,ORANGEPL,6.45,6.45,6.25,6.28,-2.64,2358757,1624,14899.46
2016-03-01,ORANGEPL,6.25,6.3,6.17,6.28,0,1298678,935,8084.23
2016-03-02,ORANGEPL,6.31,6.33,6.05,6.05,-3.66,2285284,1760,13979.28
2016-03-03,ORANGEPL,6.1,6.1,5.99,6.08,0.5,3173773,3435,19118.22
2016-03-04,ORANGEPL,6.1,6.22,6.03,6.12,0.66,2897558,1971,17739.64
2016-03-07,ORANGEPL,6.13,6.14,5.99,6.06,-0.98,4048969,1672,24447.58
2016-03-08,ORANGEPL,6.01,6.18,6.01,6.18,1.98,2545355,1429,15565.13
2016-03-09,ORANGEPL,6.13,6.27,6.13,6.27,1.46,2686134,2015,16721.41
2016-03-10,ORANGEPL,6.27,6.5,6.27,6.32,0.8,3808047,1895,24335.74
2016-03-11,ORANGEPL,6.31,6.4,6.18,6.18,-2.22,1496705,1612,9363.81
2016-03-14,ORANGEPL,6.24,6.27,6.11,6.26,1.29,1216000,1324,7560.57
2016-03-15,ORANGEPL,6.22,6.34,6.22,6.28,0.32,1019346,703,6424.4
2016-03-16,ORANGEPL,6.33,6.39,6.18,6.37,1.43,1259156,1162,7919.28
2016-03-17,ORANGEPL,6.37,6.58,6.37,6.55,2.83,6057569,2525,39482.46
2016-03-18,ORANGEPL,6.6,6.75,6.56,6.68,1.98,5730998,2497,38233.33
2016-03-21,ORANGEPL,6.64,6.77,6.57,6.76,1.2,2533074,1144,16999.66
2016-03-22,ORANGEPL,6.75,6.87,6.72,6.85,1.33,2564348,1386,17437.83
2016-03-23,ORANGEPL,6.86,6.88,6.64,6.69,-2.34,3188937,2042,21434.78
2016-03-24,ORANGEPL,6.65,6.82,6.64,6.75,0.9,2206230,2023,14768.77
2016-03-29,ORANGEPL,6.81,6.85,6.75,6.8,0.74,1880639,1310,12786.35
2016-03-30,ORANGEPL,6.86,6.97,6.8,6.86,0.88,2717249,2550,18733.21
2016-03-31,ORANGEPL,6.86,6.99,6.61,6.74,-1.75,3701738,1465,25171.37
2016-04-01,ORANGEPL,6.7,6.7,6.43,6.69,-0.74,2215752,1250,14652.91
2016-04-04,ORANGEPL,6.69,6.69,6.48,6.6,-1.35,2334411,1289,15332.96
2016-04-05,ORANGEPL,6.55,6.58,6.33,6.37,-3.48,3856278,2770,24757.1
2016-04-06,ORANGEPL,6.38,6.45,6.26,6.3,-1.1,2680691,1201,17069.01
2016-04-07,ORANGEPL,6.35,6.4,6.24,6.32,0.32,2616129,1238,16493.1
2016-04-08,ORANGEPL,6.32,6.43,6.27,6.29,-0.47,1865091,1120,11782.06
2016-04-11,ORANGEPL,6.3,6.4,6.27,6.35,0.95,1632753,868,10362.99
2016-04-12,ORANGEPL,6.37,6.38,6.25,6.32,-0.47,843090,787,5314.71
2016-04-13,ORANGEPL,6.32,6.36,6.26,6.28,-0.63,1165642,866,7355.3
2016-04-14,ORANGEPL,6.32,6.36,6.27,6.27,-0.16,1598495,661,10054.25
2016-04-15,ORANGEPL,6.28,6.34,6.18,6.23,-0.64,1516260,1029,9480.88
2016-04-18,ORANGEPL,6.19,6.32,6.15,6.32,1.44,1130430,919,7066.74
2016-04-19,ORANGEPL,6.34,6.45,6.33,6.43,1.74,1419271,1164,9087.92
2016-04-20,ORANGEPL,6.42,6.47,6.33,6.4,-0.47,1402503,1481,8967.09
2016-04-21,ORANGEPL,6.47,6.47,6.35,6.4,0,823037,565,5261.55
2016-04-22,ORANGEPL,6.43,6.43,6.27,6.37,-0.47,1218448,1321,7720.05
2016-04-25,ORANGEPL,6.3,6.33,6.23,6.32,-0.78,589063,822,3702.14
2016-04-26,ORANGEPL,6.37,6.5,6.29,6.5,2.85,1935466,2587,12432.99
2016-04-27,ORANGEPL,6.51,6.51,6.37,6.45,-0.77,1667645,1282,10712.69
2016-04-28,ORANGEPL,6.44,6.44,6.26,6.33,-1.86,1341770,1524,8488.46
2016-04-29,ORANGEPL,6.29,6.3,6.18,6.22,-1.74,1780353,1733,11093.04
2016-05-02,ORANGEPL,6.2,6.27,6.19,6.21,-0.16,278447,358,1734.52
2016-05-04,ORANGEPL,6.19,6.22,6,6,-3.38,4847706,3544,29280.63
2016-05-05,ORANGEPL,6,6.05,5.9,5.92,-1.33,3430325,2259,20427.14
2016-05-06,ORANGEPL,5.92,5.94,5.86,5.9,-0.34,1637232,1367,9655.6
2016-05-09,ORANGEPL,5.9,5.9,5.76,5.84,-1.02,3930794,3951,22885.19
2016-05-10,ORANGEPL,5.84,5.91,5.81,5.91,1.2,2696334,1815,15808.2
2016-05-11,ORANGEPL,5.92,5.92,5.84,5.86,-0.85,3001950,1940,17650.37
2016-05-12,ORANGEPL,5.87,6,5.86,5.93,1.19,1810698,1045,10747.08
2016-05-13,ORANGEPL,5.93,5.98,5.86,5.92,-0.17,1534074,1206,9089.51
2016-05-16,ORANGEPL,5.93,6.06,5.93,6.02,1.69,3258780,983,19495.51
2016-05-17,ORANGEPL,6.04,6.06,5.93,5.99,-0.5,3042452,1733,18288.54
2016-05-18,ORANGEPL,5.98,6.01,5.87,5.93,-1,2858791,1304,16957.15
2016-05-19,ORANGEPL,5.89,5.91,5.82,5.91,-0.34,4132890,1479,24289.93
2016-05-20,ORANGEPL,5.86,6.1,5.86,6.02,1.86,3003907,2044,17912.93
2016-05-23,ORANGEPL,6,6.03,5.83,5.86,-2.66,2875333,1787,16919.02
2016-05-24,ORANGEPL,5.86,5.93,5.86,5.86,0,883711,770,5197.51
2016-05-25,ORANGEPL,5.88,5.9,5.8,5.8,-1.02,1427632,1704,8338.42
2016-05-27,ORANGEPL,5.8,5.98,5.79,5.94,2.41,2694298,1641,15930.37
2016-05-30,ORANGEPL,5.97,5.97,5.9,5.92,-0.34,622373,564,3685.51
2016-05-31,ORANGEPL,5.92,5.96,5.74,5.74,-3.04,3854999,1518,22357.83
2016-06-01,ORANGEPL,5.75,5.77,5.56,5.66,-1.39,7020993,1412,39681.72
2016-06-02,ORANGEPL,5.66,5.66,5.53,5.57,-1.59,2516266,1209,14047.9
2016-06-03,ORANGEPL,5.57,5.78,5.57,5.69,2.15,1355410,1166,7707.5
2016-06-06,ORANGEPL,5.75,5.79,5.65,5.76,1.23,828379,787,4748.59
2016-06-07,ORANGEPL,5.76,5.87,5.76,5.8,0.69,1477718,975,8614.1
2016-06-08,ORANGEPL,5.83,5.83,5.74,5.79,-0.17,1371872,1052,7924.91
2016-06-09,ORANGEPL,5.8,5.83,5.65,5.65,-2.42,1721306,1064,9794
2016-06-10,ORANGEPL,5.7,5.7,5.5,5.57,-1.42,1956156,1442,10835.78
2016-06-13,ORANGEPL,5.59,5.59,5.41,5.46,-1.97,1849334,1142,10123.8
2016-06-14,ORANGEPL,5.41,5.46,5.36,5.4,-1.1,2153145,1545,11606.45
2016-06-15,ORANGEPL,5.43,5.45,5.37,5.37,-0.56,1784979,1461,9619.75
2016-06-16,ORANGEPL,5.37,5.37,5.15,5.2,-3.17,5190826,2355,27031.07
2016-06-17,ORANGEPL,5.21,5.27,5.2,5.25,0.96,3872245,2296,20314.51
2016-06-20,ORANGEPL,5.29,5.51,5.28,5.5,4.76,3022063,1511,16419.32
2016-06-21,ORANGEPL,5.28,5.31,5.12,5.18,-1.33,2881747,2112,15006.77
2016-06-22,ORANGEPL,5.23,5.23,5.14,5.17,-0.19,2981946,953,15476.72
2016-06-23,ORANGEPL,5.17,5.3,5.16,5.25,1.55,1467771,1269,7715.55
2016-06-24,ORANGEPL,4.8,5.18,4.76,5.16,-1.71,2737868,1627,13967.78
2016-06-27,ORANGEPL,5.13,5.24,5.11,5.13,-0.58,1976066,1295,10194.74
2016-06-28,ORANGEPL,5.16,5.2,5.08,5.09,-0.78,2687710,1048,13717.25
2016-06-29,ORANGEPL,5.09,5.19,5.09,5.12,0.59,874519,691,4493.81
2016-06-30,ORANGEPL,5.1,5.15,5.05,5.07,-0.98,3690246,1448,18728.81
2016-07-01,ORANGEPL,5.09,5.1,4.93,4.98,-1.78,4184109,2335,20831.97
2016-07-04,ORANGEPL,4.93,4.99,4.88,4.97,-0.2,1384394,1201,6848.53
2016-07-05,ORANGEPL,4.92,5.15,4.92,5.15,3.62,3594073,1160,18239
2016-07-06,ORANGEPL,5.12,5.13,5.04,5.06,-1.75,5653314,1146,28796.32
2016-07-07,ORANGEPL,5.09,5.16,5.07,5.1,0.79,1990056,688,10197.5
2016-07-08,ORANGEPL,5.14,5.14,4.95,5.01,-1.76,1316653,731,6649.63
2016-07-11,ORANGEPL,5.05,5.13,5.05,5.12,2.2,2320147,926,11826.66
2016-07-12,ORANGEPL,5.1,5.2,5.09,5.2,1.56,3082391,818,15845.38
2016-07-13,ORANGEPL,5.22,5.24,5.16,5.2,0,3026963,844,15719.13
2016-07-14,ORANGEPL,5.19,5.23,5.12,5.12,-1.54,2029224,662,10483.68
2016-07-15,ORANGEPL,5.15,5.24,5.13,5.2,1.56,1837328,1060,9548
2016-07-18,ORANGEPL,5.23,5.3,5.2,5.21,0.19,979144,701,5146.23
2016-07-19,ORANGEPL,5.26,5.26,5.14,5.18,-0.58,1085448,1099,5609.06
2016-07-20,ORANGEPL,5.18,5.24,5.16,5.24,1.16,1202794,940,6267.82
2016-07-21,ORANGEPL,5.26,5.26,5.2,5.24,0,568948,497,2978.62
2016-07-22,ORANGEPL,5.21,5.24,5.18,5.19,-0.95,1364983,742,7101.69
2016-07-25,ORANGEPL,5.18,5.27,5.18,5.21,0.39,1188310,654,6213.04
2016-07-26,ORANGEPL,5.18,5.58,5.17,5.55,6.53,3440577,2019,18607.47
2016-07-27,ORANGEPL,5.53,5.68,5.46,5.61,1.08,3049324,2154,17050.14
2016-07-28,ORANGEPL,5.6,5.65,5.52,5.56,-0.89,1450482,1430,8062.24
2016-07-29,ORANGEPL,5.5,5.56,5.39,5.39,-3.06,1387825,1071,7551.3
2016-08-01,ORANGEPL,5.41,5.47,5.26,5.31,-1.48,1064901,978,5688.59
2016-08-02,ORANGEPL,5.32,5.32,5.18,5.18,-2.45,2524210,2192,13172.26
2016-08-03,ORANGEPL,5.22,5.25,5.11,5.11,-1.35,951227,1045,4915.12
2016-08-04,ORANGEPL,5.15,5.18,5.12,5.14,0.59,1081344,771,5564.6
2016-08-05,ORANGEPL,5.15,5.22,5.15,5.19,0.97,701613,506,3641.57
2016-08-08,ORANGEPL,5.25,5.34,5.23,5.3,2.12,960538,710,5082.05
2016-08-09,ORANGEPL,5.34,5.34,5.23,5.28,-0.38,1134088,819,5982.36
2016-08-10,ORANGEPL,5.25,5.28,5.23,5.23,-0.95,858553,625,4502.17
2016-08-11,ORANGEPL,5.23,5.33,5.2,5.33,1.91,1312683,793,6948.94
2016-08-12,ORANGEPL,5.33,5.35,5.21,5.25,-1.5,1859926,664,9788.75
2016-08-16,ORANGEPL,5.21,5.32,5.21,5.28,0.57,896397,784,4728.26
2016-08-17,ORANGEPL,5.25,5.3,5.22,5.29,0.19,964638,1049,5079.54
2016-08-18,ORANGEPL,5.29,5.39,5.24,5.34,0.95,1005692,783,5329.72
2016-08-19,ORANGEPL,5.36,5.37,5.26,5.26,-1.5,1352278,594,7172.42
2016-08-22,ORANGEPL,5.34,5.34,5.28,5.28,0.38,1398363,1249,7419.61
2016-08-23,ORANGEPL,5.3,5.37,5.27,5.29,0.19,1748036,1187,9273.42
2016-08-24,ORANGEPL,5.3,5.36,5.24,5.28,-0.19,1065561,740,5645.5
2016-08-25,ORANGEPL,5.3,5.32,5.28,5.32,0.76,1306255,530,6920.91
2016-08-26,ORANGEPL,5.32,5.32,5.28,5.31,-0.19,655736,450,3476.86
2016-08-29,ORANGEPL,5.31,5.34,5.29,5.34,0.56,590690,293,3140.5
2016-08-30,ORANGEPL,5.34,5.49,5.33,5.44,1.87,1740641,1113,9439.76
2016-08-31,ORANGEPL,5.44,5.5,5.35,5.38,-1.1,2609951,1908,14143.45
2016-09-01,ORANGEPL,5.41,5.43,5.28,5.31,-1.3,1667518,1090,8868.78
2016-09-02,ORANGEPL,5.27,5.5,5.27,5.45,2.64,1583072,1214,8493.27
2016-09-05,ORANGEPL,5.5,5.92,5.5,5.85,7.34,4999474,2153,28654.89
2016-09-06,ORANGEPL,5.93,5.94,5.67,5.77,-1.37,3711772,1677,21399.06
2016-09-07,ORANGEPL,5.78,5.99,5.77,5.84,1.21,2877948,1625,16874.69
2016-09-08,ORANGEPL,5.84,5.89,5.73,5.75,-1.54,1632989,1494,9412.46
2016-09-09,ORANGEPL,5.75,5.76,5.61,5.68,-1.22,1805391,1494,10266.91
2016-09-12,ORANGEPL,5.6,5.67,5.49,5.64,-0.7,1685320,1395,9424.62
2016-09-13,ORANGEPL,5.7,5.7,5.56,5.7,1.06,2972304,1449,16787.73
2016-09-14,ORANGEPL,5.68,5.69,5.53,5.68,-0.35,1595424,840,8943.08
2016-09-15,ORANGEPL,5.63,5.69,5.54,5.67,-0.18,1177983,954,6614.55
2016-09-16,ORANGEPL,5.67,5.87,5.66,5.86,3.35,4911030,1164,28687.9
2016-09-19,ORANGEPL,5.9,5.93,5.74,5.74,-2.05,1232206,883,7236.46
2016-09-20,ORANGEPL,5.71,5.72,5.64,5.69,-0.87,1180718,802,6699.5
2016-09-21,ORANGEPL,5.67,5.82,5.67,5.7,0.18,1378965,868,7910.7
2016-09-22,ORANGEPL,5.78,5.87,5.71,5.87,2.98,1814808,1168,10532.37
2016-09-23,ORANGEPL,5.86,5.94,5.81,5.89,0.34,1271044,1027,7469.92
2016-09-26,ORANGEPL,5.87,5.87,5.8,5.85,-0.68,1462739,918,8520.97
2016-09-27,ORANGEPL,5.87,5.94,5.78,5.92,1.2,1806381,1079,10591.39
2016-09-28,ORANGEPL,5.88,5.94,5.85,5.94,0.34,1193712,804,7046.71
2016-09-29,ORANGEPL,5.94,5.96,5.83,5.94,0,1005905,632,5937.92
2016-09-30,ORANGEPL,5.9,6.04,5.88,6,1.01,2973465,1687,17742.11
2016-10-03,ORANGEPL,6.02,6.09,5.95,5.96,-0.67,2185962,948,13215.58
2016-10-04,ORANGEPL,5.95,6.08,5.95,6.04,1.34,2315640,1267,13991
2016-10-05,ORANGEPL,6.02,6.03,5.79,5.83,-3.48,5425170,1616,31660.83
2016-10-06,ORANGEPL,5.82,5.87,5.74,5.81,-0.34,1982702,1290,11506.04
2016-10-07,ORANGEPL,5.86,5.88,5.81,5.86,0.86,2423166,861,14150.3
2016-10-10,ORANGEPL,5.9,5.91,5.87,5.87,0.17,351776,362,2068.61
2016-10-11,ORANGEPL,5.86,5.98,5.81,5.86,-0.17,1544669,1283,9107.58
2016-10-12,ORANGEPL,5.83,5.91,5.82,5.88,0.34,2845095,1100,16675.73
2016-10-13,ORANGEPL,5.86,5.88,5.82,5.85,-0.51,2371655,889,13888.24
2016-10-14,ORANGEPL,5.84,5.84,5.79,5.79,-1.03,3638457,824,21178.98
2016-10-17,ORANGEPL,5.77,5.82,5.67,5.72,-1.21,2414340,2245,13822.83
2016-10-18,ORANGEPL,5.68,5.76,5.56,5.59,-2.27,2932876,1459,16434.06
2016-10-19,ORANGEPL,5.58,5.63,5.53,5.59,0,1799625,1539,10041.54
2016-10-20,ORANGEPL,5.62,5.62,5.52,5.52,-1.25,1180684,1129,6551.11
2016-10-21,ORANGEPL,5.58,5.59,5.48,5.51,-0.18,7388979,1668,40782.55
2016-10-24,ORANGEPL,5.51,5.58,5.51,5.56,0.91,1702688,912,9466.29
2016-10-25,ORANGEPL,5.58,5.64,5.52,5.55,-0.18,6035961,1754,33674.55
2016-10-26,ORANGEPL,5.53,5.6,5.53,5.6,0.9,2345533,490,13073.33
2016-10-27,ORANGEPL,5.59,5.64,5.53,5.63,0.54,2103614,744,11763.01
2016-10-28,ORANGEPL,5.62,5.63,5.58,5.63,0,1991550,550,11176.2
2016-10-31,ORANGEPL,5.65,5.65,5.49,5.6,-0.53,2065335,916,11530.53
2016-11-02,ORANGEPL,5.59,5.59,5.44,5.49,-1.96,2132247,1713,11729.73
2016-11-03,ORANGEPL,5.49,5.5,5.41,5.41,-1.46,2953012,1312,16052.46
2016-11-04,ORANGEPL,5.42,5.46,5.31,5.32,-1.66,1772638,1049,9494.18
2016-11-07,ORANGEPL,5.4,5.41,5.28,5.3,-0.38,1597638,769,8508.66
2016-11-08,ORANGEPL,5.34,5.35,5.21,5.25,-0.94,3455432,1360,18121.97
2016-11-09,ORANGEPL,5.23,5.47,5.16,5.41,3.05,3158299,1298,16831.56
2016-11-10,ORANGEPL,5.46,5.46,5.31,5.32,-1.66,3395853,1572,18188.75
2016-11-14,ORANGEPL,5.32,5.32,5.11,5.18,-2.63,3499185,1380,18113.35
2016-11-15,ORANGEPL,5.16,5.25,5.13,5.23,0.97,1666173,823,8622.37
2016-11-16,ORANGEPL,5.25,5.3,5.16,5.24,0.19,986649,776,5149.55
2016-11-17,ORANGEPL,5.24,5.24,5.12,5.15,-1.72,1075144,946,5559.04
2016-11-18,ORANGEPL,5.14,5.21,5.11,5.16,0.19,1330577,680,6857.86
2016-11-21,ORANGEPL,5.17,5.33,5.17,5.32,3.1,2401851,1086,12665.33
2016-11-22,ORANGEPL,5.32,5.33,5.19,5.27,-0.94,1658131,1038,8734.88
2016-11-23,ORANGEPL,5.32,5.32,5.2,5.24,-0.57,1282206,961,6720.3
2016-11-24,ORANGEPL,5.26,5.29,5.22,5.24,0,463082,363,2434.92
2016-11-25,ORANGEPL,5.26,5.27,5.2,5.22,-0.38,934089,549,4879.95
2016-11-28,ORANGEPL,5.22,5.23,5.12,5.16,-1.15,1560226,920,8056.53
2016-11-29,ORANGEPL,5.16,5.24,5.11,5.21,0.97,2782007,952,14401.81
2016-11-30,ORANGEPL,5.22,5.4,5.17,5.39,3.45,3259668,1046,17414.3
2016-12-01,ORANGEPL,5.37,5.37,5.23,5.27,-2.23,997780,795,5277.26
2016-12-02,ORANGEPL,5.28,5.3,5.15,5.17,-1.9,2371169,869,12311.5
2016-12-05,ORANGEPL,5.19,5.26,5.16,5.25,1.55,1968175,1015,10219.37
2016-12-06,ORANGEPL,5.25,5.34,5.21,5.34,1.71,1897551,1203,9989.53
2016-12-07,ORANGEPL,5.34,5.34,5.25,5.26,-1.5,2636654,1289,13900.68
2016-12-08,ORANGEPL,5.29,5.46,5.26,5.46,3.8,4228396,1571,22843.77
2016-12-09,ORANGEPL,5.46,5.46,5.32,5.35,-2.01,1517746,1107,8142.14
2016-12-12,ORANGEPL,5.35,5.38,5.3,5.35,0,1322642,666,7069.72
2016-12-13,ORANGEPL,5.38,5.41,5.3,5.41,1.12,1795060,1218,9644.38
2016-12-14,ORANGEPL,5.38,5.4,5.27,5.34,-1.29,2232784,1320,11902.1
2016-12-15,ORANGEPL,5.34,5.34,5.22,5.27,-1.31,1327817,853,6992.28
2016-12-16,ORANGEPL,5.27,5.35,5.27,5.29,0.38,2217721,1906,11765.54
2016-12-19,ORANGEPL,5.29,5.29,5.22,5.25,-0.76,1587341,1586,8343.08
2016-12-20,ORANGEPL,5.29,5.32,5.27,5.28,0.57,845338,638,4474.02
2016-12-21,ORANGEPL,5.29,5.31,5.17,5.18,-1.89,1411835,1315,7385.53
2016-12-22,ORANGEPL,5.2,5.3,5.18,5.3,2.32,1970275,1184,10325.26
2016-12-23,ORANGEPL,5.25,5.3,5.24,5.25,-0.94,1075068,556,5653.74
2016-12-27,ORANGEPL,5.23,5.3,5.23,5.29,0.76,512417,405,2699.35
2016-12-28,ORANGEPL,5.28,5.33,5.26,5.33,0.76,1477802,816,7835.76
2016-12-29,ORANGEPL,5.3,5.43,5.3,5.39,1.13,1803319,1134,9703.58
2016-12-30,ORANGEPL,5.42,5.51,5.39,5.51,2.23,2259201,1076,12350.78
2017-01-02,ORANGEPL,5.54,5.54,5.45,5.48,-0.54,452712,434,2481.5
2017-01-03,ORANGEPL,5.5,5.64,5.46,5.58,1.82,2364913,1257,13192.16
2017-01-04,ORANGEPL,5.62,5.63,5.49,5.55,-0.54,1848629,1488,10269.01
2017-01-05,ORANGEPL,5.57,5.61,5.51,5.59,0.72,2506542,1342,13902.49
2017-01-09,ORANGEPL,5.59,5.61,5.55,5.6,0.18,1404126,882,7857.12
2017-01-10,ORANGEPL,5.6,5.65,5.57,5.63,0.54,2872703,1233,16099.89
2017-01-11,ORANGEPL,5.65,5.7,5.58,5.64,0.18,3191202,1399,17998.09
2017-01-12,ORANGEPL,5.64,5.64,5.57,5.6,-0.71,2710577,982,15181.62
2017-01-13,ORANGEPL,5.62,5.62,5.55,5.6,0,2194798,936,12282.58
2017-01-16,ORANGEPL,5.62,5.69,5.56,5.56,-0.71,1448042,736,8129.86
2017-01-17,ORANGEPL,5.59,5.62,5.52,5.58,0.36,810616,590,4514.11
2017-01-18,ORANGEPL,5.62,5.62,5.43,5.44,-2.51,1481746,1149,8161.96
2017-01-19,ORANGEPL,5.44,5.48,5.35,5.4,-0.74,2014085,1035,10872.15
2017-01-20,ORANGEPL,5.42,5.48,5.38,5.45,0.93,1424157,976,7745.96
2017-01-23,ORANGEPL,5.42,5.43,5.36,5.38,-1.28,871959,686,4688.78
2017-01-24,ORANGEPL,5.38,5.41,5.35,5.41,0.56,1297813,942,6996.14
2017-01-25,ORANGEPL,5.44,5.5,5.39,5.47,1.11,1420920,1100,7745.97
2017-01-26,ORANGEPL,5.48,5.53,5.4,5.46,-0.18,4423861,1374,24138.94
2017-01-27,ORANGEPL,5.44,5.46,5.4,5.41,-0.92,2290815,796,12456.38
2017-01-30,ORANGEPL,5.4,5.43,5.33,5.37,-0.74,2140163,885,11511.44
2017-01-31,ORANGEPL,5.36,5.4,5.28,5.4,0.56,3101579,1118,16587.08
2017-02-01,ORANGEPL,5.4,5.4,5.31,5.32,-1.48,2172709,1561,11597.11
2017-02-02,ORANGEPL,5.33,5.38,5.24,5.25,-1.32,1761424,1212,9287.79
2017-02-03,ORANGEPL,5.25,5.25,5.16,5.22,-0.57,2620199,1493,13617.57
2017-02-06,ORANGEPL,5.22,5.24,5.16,5.18,-0.77,3244698,1551,16796.57
2017-02-07,ORANGEPL,5.18,5.25,5.18,5.2,0.39,1727201,977,9017.19
2017-02-08,ORANGEPL,5.26,5.26,5.17,5.2,0,3977834,1398,20672.74
2017-02-09,ORANGEPL,5.22,5.56,5.21,5.54,6.54,7796764,2390,42196.3
2017-02-10,ORANGEPL,5.54,5.56,5.44,5.45,-1.62,5452470,1336,29953.4
2017-02-13,ORANGEPL,5.48,5.64,5.43,5.64,3.49,3167830,2118,17708.58
2017-02-14,ORANGEPL,4.99,5.17,4.78,5,-11.35,41522468,15101,207482.06
2017-02-15,ORANGEPL,5,5.01,4.87,4.87,-2.6,15279105,5025,74925.48
2017-02-16,ORANGEPL,4.88,4.91,4.82,4.86,-0.21,8201350,2756,39909.3
2017-02-17,ORANGEPL,4.86,4.87,4.82,4.84,-0.41,5708620,2343,27659.2
2017-02-20,ORANGEPL,4.84,4.85,4.82,4.83,-0.21,1893299,979,9151.13
2017-02-21,ORANGEPL,4.85,4.85,4.75,4.84,0.21,4903717,2488,23521.25
2017-02-22,ORANGEPL,4.84,4.84,4.79,4.83,-0.21,2416452,1196,11614.37
2017-02-23,ORANGEPL,4.83,4.83,4.76,4.76,-1.45,3253979,2235,15547.06
2017-02-24,ORANGEPL,4.76,4.77,4.68,4.68,-1.68,8152373,2468,38345.78
2017-02-27,ORANGEPL,4.71,4.73,4.67,4.69,0.21,2110451,1145,9899.2
2017-02-28,ORANGEPL,4.7,4.73,4.64,4.73,0.85,4019837,1674,18833.39
2017-03-01,ORANGEPL,4.73,4.75,4.63,4.71,-0.42,6390941,2600,30036.75
2017-03-02,ORANGEPL,4.71,4.84,4.68,4.7,-0.21,6062631,2185,28674.63
2017-03-03,ORANGEPL,4.67,4.74,4.66,4.72,0.43,3092306,2159,14532.75
2017-03-06,ORANGEPL,4.7,4.72,4.66,4.69,-0.64,3310016,2230,15500.5
2017-03-07,ORANGEPL,4.69,4.74,4.65,4.74,1.07,3349221,1999,15679.77
2017-03-08,ORANGEPL,4.72,4.73,4.62,4.67,-1.48,4794028,1936,22360.95
2017-03-09,ORANGEPL,4.67,4.68,4.63,4.68,0.21,3267057,1346,15226.07
2017-03-10,ORANGEPL,4.7,4.71,4.64,4.64,-0.85,3637615,1313,16998.68
2017-03-13,ORANGEPL,4.66,4.68,4.6,4.67,0.65,3469501,1573,16095.6
2017-03-14,ORANGEPL,4.67,4.75,4.65,4.73,1.28,3965540,1575,18635.69
2017-03-15,ORANGEPL,4.74,4.79,4.69,4.71,-0.42,2460317,1516,11659.13
2017-03-16,ORANGEPL,4.75,4.8,4.73,4.78,1.49,5157049,2155,24612.27
2017-03-17,ORANGEPL,4.81,4.85,4.74,4.74,-0.84,8632358,2833,41136.88
2017-03-20,ORANGEPL,4.77,4.87,4.74,4.86,2.53,2121259,1112,10231.97
2017-03-21,ORANGEPL,4.88,4.99,4.78,4.79,-1.44,6426472,3384,31580.61
2017-03-22,ORANGEPL,4.79,4.84,4.75,4.81,0.42,2495407,1395,11995.08
2017-03-23,ORANGEPL,4.83,4.83,4.75,4.77,-0.83,1958076,1129,9357.65
2017-03-24,ORANGEPL,4.78,4.8,4.74,4.74,-0.63,1294931,758,6168.32
2017-03-27,ORANGEPL,4.74,4.76,4.68,4.72,-0.42,1320570,920,6231.7
2017-03-28,ORANGEPL,4.73,4.76,4.72,4.73,0.21,976758,437,4621.62
2017-03-29,ORANGEPL,4.76,4.78,4.7,4.7,-0.63,2534936,817,12012.63
2017-03-30,ORANGEPL,4.69,4.71,4.62,4.62,-1.7,2575390,1714,11964.42
2017-03-31,ORANGEPL,4.64,4.65,4.56,4.63,0.22,5450351,1454,25215.01
2017-04-03,ORANGEPL,4.64,4.65,4.59,4.62,-0.22,1812119,776,8370.52
2017-04-04,ORANGEPL,4.64,4.75,4.6,4.65,0.65,1721340,1224,8029.83
2017-04-05,ORANGEPL,4.69,4.7,4.61,4.61,-0.86,1356022,923,6294.58
2017-04-06,ORANGEPL,4.61,4.7,4.58,4.64,0.65,2048740,1147,9532.79
2017-04-07,ORANGEPL,4.65,4.66,4.6,4.6,-0.86,875623,712,4046.57
2017-04-10,ORANGEPL,4.63,4.64,4.59,4.6,0,1198309,760,5524.65
2017-04-11,ORANGEPL,4.6,4.63,4.55,4.58,-0.43,2031192,1433,9322.8
2017-04-12,ORANGEPL,4.59,4.61,4.55,4.55,-0.66,1423464,836,6513.45
2017-04-13,ORANGEPL,4.55,4.65,4.51,4.65,2.2,3053095,1445,14041.89
2017-04-18,ORANGEPL,4.65,4.66,4.51,4.51,-3.01,2084587,1289,9474.36
2017-04-19,ORANGEPL,4.51,4.53,4.42,4.46,-1.11,3724390,2541,16633.54
2017-04-20,ORANGEPL,4.47,4.48,4.4,4.44,-0.45,2079963,1234,9216.81
2017-04-21,ORANGEPL,4.4,4.47,4.4,4.43,-0.23,2498591,1115,11064.94
2017-04-24,ORANGEPL,4.45,4.47,4.42,4.42,-0.23,1149973,756,5109.57
2017-04-25,ORANGEPL,4.43,4.47,4.41,4.46,0.9,1652551,1089,7349.81
2017-04-26,ORANGEPL,4.45,4.46,4.37,4.41,-1.12,3876337,2486,17053.71
2017-04-27,ORANGEPL,4.44,4.67,4.41,4.63,4.99,5262861,3048,23838.92
2017-04-28,ORANGEPL,4.65,4.71,4.6,4.63,0,4526577,3202,20981.34
2017-05-02,ORANGEPL,4.63,4.67,4.55,4.58,-1.08,1826822,1147,8401.73
2017-05-04,ORANGEPL,4.57,4.6,4.45,4.52,-1.31,6461946,2397,29153.85
2017-05-05,ORANGEPL,4.5,4.53,4.46,4.5,-0.44,3654065,1157,16425.04
2017-05-08,ORANGEPL,4.5,4.62,4.48,4.62,2.67,3299836,1283,14967.49
2017-05-09,ORANGEPL,4.62,4.7,4.62,4.7,1.73,3809054,1708,17770.75
2017-05-10,ORANGEPL,4.7,4.7,4.64,4.66,-0.85,2257827,1066,10525.4
2017-05-11,ORANGEPL,4.65,4.7,4.5,4.58,-1.72,2982315,1340,13713.77
2017-05-12,ORANGEPL,4.57,4.6,4.52,4.55,-0.66,1447645,983,6587.68
2017-05-15,ORANGEPL,4.56,4.56,4.49,4.5,-1.1,1318596,743,5950.88
2017-05-16,ORANGEPL,4.5,4.64,4.5,4.59,2,2120516,1271,9719.34
2017-05-17,ORANGEPL,4.57,4.59,4.54,4.56,-0.65,1335008,1056,6090.75
2017-05-18,ORANGEPL,4.54,4.59,4.51,4.57,0.22,1991515,967,9072.39
2017-05-19,ORANGEPL,4.6,4.65,4.58,4.65,1.75,1355505,732,6247.32
2017-05-22,ORANGEPL,4.65,4.65,4.56,4.59,-1.29,1904724,917,8761.27
2017-05-23,ORANGEPL,4.6,4.63,4.56,4.56,-0.65,1011306,697,4641.68
2017-05-24,ORANGEPL,4.55,4.62,4.53,4.57,0.22,2969935,1175,13608.84
2017-05-25,ORANGEPL,4.59,4.6,4.56,4.58,0.22,2029783,669,9292.18
2017-05-26,ORANGEPL,4.58,4.59,4.54,4.56,-0.44,1566254,534,7141.3
2017-05-29,ORANGEPL,4.56,4.58,4.53,4.54,-0.44,1176526,339,5365.49
2017-05-30,ORANGEPL,4.55,4.56,4.5,4.55,0.22,2238898,691,10159
2017-05-31,ORANGEPL,4.55,4.61,4.52,4.56,0.22,4816616,1154,21997.94
2017-06-01,ORANGEPL,4.59,4.77,4.56,4.74,3.95,7702341,2849,36137.88
2017-06-02,ORANGEPL,4.76,4.86,4.75,4.83,1.9,2840013,1771,13658.03
2017-06-05,ORANGEPL,4.84,4.84,4.68,4.69,-2.9,2103479,1326,10020.26
2017-06-06,ORANGEPL,4.68,4.74,4.65,4.69,0,1710351,1010,8015.75
2017-06-07,ORANGEPL,4.71,4.8,4.71,4.75,1.28,2820060,1625,13430.51
2017-06-08,ORANGEPL,4.75,4.83,4.74,4.83,1.68,3072779,1392,14765.26
2017-06-09,ORANGEPL,4.84,4.85,4.78,4.83,0,1486197,859,7179.59
2017-06-12,ORANGEPL,4.83,4.85,4.76,4.83,0,1757154,1317,8478.73
2017-06-13,ORANGEPL,4.84,4.89,4.8,4.89,1.24,1603398,1096,7793.29
2017-06-14,ORANGEPL,4.9,4.9,4.8,4.85,-0.82,2670470,1086,12966.73
2017-06-16,ORANGEPL,4.86,4.94,4.85,4.93,1.65,3782151,2207,18571.63
2017-06-19,ORANGEPL,4.94,5.03,4.88,4.9,-0.61,4783414,2000,23741.41
2017-06-20,ORANGEPL,4.92,4.95,4.88,4.93,0.61,2017033,1023,9927.49
2017-06-21,ORANGEPL,4.93,4.97,4.91,4.96,0.61,3598940,1578,17800.71
2017-06-22,ORANGEPL,4.96,5.04,4.94,5.02,1.21,4540484,1322,22722.55
2017-06-23,ORANGEPL,5.05,5.17,5.02,5.17,2.99,6559308,2292,33483.61
2017-06-26,ORANGEPL,5.19,5.19,5.1,5.1,-1.35,2238003,1205,11491.56
2017-06-27,ORANGEPL,5.09,5.16,5.08,5.15,0.98,2933324,1425,15043.4
2017-06-28,ORANGEPL,5.15,5.2,5.13,5.17,0.39,2924573,1935,15104.16
2017-06-29,ORANGEPL,5.17,5.21,5.08,5.15,-0.39,1807052,1132,9296.31
2017-06-30,ORANGEPL,5.1,5.16,5.07,5.13,-0.39,2539089,1405,12997.13
2017-07-03,ORANGEPL,5.1,5.17,5.1,5.17,0.78,1117100,561,5760.31
2017-07-04,ORANGEPL,5.17,5.18,5.15,5.16,-0.19,1037464,738,5362.59
2017-07-05,ORANGEPL,5.16,5.18,5.02,5.05,-2.13,6517984,1570,33278.76
2017-07-06,ORANGEPL,5.06,5.12,5.01,5.07,0.4,1349768,747,6830.55
2017-07-07,ORANGEPL,5.08,5.09,4.99,5,-1.38,2611035,789,13074.85
2017-07-10,ORANGEPL,5.03,5.05,5,5.05,1,1405948,471,7053.45
2017-07-11,ORANGEPL,5.07,5.11,5.03,5.05,0,3925404,1162,19896.54
2017-07-12,ORANGEPL,5.08,5.14,5.04,5.14,1.78,8012038,1556,40816.77
2017-07-13,ORANGEPL,5.15,5.29,5.15,5.27,2.53,9536628,2451,49883.55
2017-07-14,ORANGEPL,5.28,5.33,5.22,5.25,-0.38,6033980,1432,31823.59
2017-07-17,ORANGEPL,5.29,5.3,5.23,5.25,0,1039499,616,5460.66
2017-07-18,ORANGEPL,5.24,5.26,5.21,5.23,-0.38,1807125,848,9460.23
2017-07-19,ORANGEPL,5.24,5.27,5.19,5.19,-0.76,3697368,1175,19330.79
2017-07-20,ORANGEPL,5.21,5.26,5.19,5.22,0.58,2405817,990,12561.77
2017-07-21,ORANGEPL,5.22,5.25,5.18,5.2,-0.38,2517883,587,13119.49
2017-07-24,ORANGEPL,5.2,5.2,5.14,5.18,-0.38,953340,536,4937.85
2017-07-25,ORANGEPL,5.21,5.21,5.1,5.14,-0.77,5570546,942,28692.05
2017-07-26,ORANGEPL,5.13,5.15,5.03,5.11,-0.58,4231244,839,21526
2017-07-27,ORANGEPL,5.21,5.4,5.21,5.29,3.52,8236971,2805,43687.4
2017-07-28,ORANGEPL,5.25,5.57,5.25,5.56,5.1,9514311,3666,51894.93
2017-07-31,ORANGEPL,5.54,5.58,5.38,5.45,-1.98,4635559,2059,25409.46
2017-08-01,ORANGEPL,5.5,5.6,5.49,5.59,2.57,3483433,1571,19384.16
2017-08-02,ORANGEPL,5.6,5.69,5.57,5.69,1.79,3899353,1128,21952.06
2017-08-03,ORANGEPL,5.69,5.74,5.61,5.71,0.35,3688057,1053,21008.62
2017-08-04,ORANGEPL,5.73,5.76,5.71,5.75,0.7,1686791,736,9693.56
2017-08-07,ORANGEPL,5.71,5.74,5.68,5.72,-0.52,877229,578,5009.03
2017-08-08,ORANGEPL,5.74,5.84,5.69,5.8,1.4,2452788,1078,14170.84
2017-08-09,ORANGEPL,5.81,5.83,5.71,5.83,0.52,1867552,1000,10781.67
2017-08-10,ORANGEPL,5.84,5.86,5.78,5.85,0.34,3114623,1241,18144.23
2017-08-11,ORANGEPL,5.8,5.82,5.76,5.8,-0.85,2180518,1047,12610.89
2017-08-14,ORANGEPL,5.76,5.8,5.65,5.7,-1.72,2377030,1453,13615.21
2017-08-16,ORANGEPL,5.7,5.76,5.61,5.62,-1.4,2924030,1400,16630.12
2017-08-17,ORANGEPL,5.6,5.7,5.59,5.68,1.07,2384397,1193,13455.12
2017-08-18,ORANGEPL,5.63,5.68,5.6,5.65,-0.53,1631511,747,9192.34
2017-08-21,ORANGEPL,5.67,5.67,5.6,5.64,-0.18,794308,547,4472.5
2017-08-22,ORANGEPL,5.67,5.75,5.65,5.75,1.95,2620037,926,14987.48
2017-08-23,ORANGEPL,5.75,5.77,5.7,5.74,-0.17,729322,482,4173.18
2017-08-24,ORANGEPL,5.76,5.87,5.71,5.86,2.09,1710060,984,9935.19
2017-08-25,ORANGEPL,5.87,5.92,5.81,5.81,-0.85,1826699,1177,10737.5
2017-08-28,ORANGEPL,5.81,5.97,5.8,5.97,2.75,1450316,1141,8583.03
2017-08-29,ORANGEPL,5.9,5.99,5.9,5.97,0,1704382,1563,10136.08
2017-08-30,ORANGEPL,5.99,6.02,5.91,5.92,-0.84,2274901,1480,13602.83
2017-08-31,ORANGEPL,5.96,5.99,5.92,5.99,1.18,2838340,976,16914.89
2017-09-01,ORANGEPL,5.99,6.1,5.97,6.1,1.84,2412487,1397,14614.78
2017-09-04,ORANGEPL,6.05,6.11,5.53,5.62,-7.87,6872568,3516,40248.41
2017-09-05,ORANGEPL,5.62,5.67,5.42,5.56,-1.07,7641815,2766,42457.87
2017-09-06,ORANGEPL,5.58,5.62,5.56,5.57,0.18,1893964,1162,10591.35
2017-09-07,ORANGEPL,5.57,5.63,5.57,5.57,0,2436206,1734,13620.75
2017-09-08,ORANGEPL,5.59,5.62,5.48,5.48,-1.62,1420576,1339,7873.66
2017-09-11,ORANGEPL,5.48,5.51,5.36,5.38,-1.82,2668320,1467,14415.55
2017-09-12,ORANGEPL,5.38,5.4,5.3,5.39,0.19,3013921,1401,16203.07
2017-09-13,ORANGEPL,5.39,5.44,5.32,5.34,-0.93,2306670,945,12391.75
2017-09-14,ORANGEPL,5.3,5.37,5.21,5.31,-0.56,3997072,1296,21149.42
2017-09-15,ORANGEPL,5.3,5.33,5.22,5.22,-1.69,5872329,2086,30826.26
2017-09-18,ORANGEPL,5.25,5.44,5.25,5.3,1.53,3140667,965,16740.87
2017-09-19,ORANGEPL,5.35,5.4,5.3,5.31,0.19,2447717,1129,13095.97
2017-09-20,ORANGEPL,5.33,5.39,5.33,5.36,0.94,2001262,1204,10725.59
2017-09-21,ORANGEPL,5.38,5.41,5.31,5.32,-0.75,1889401,942,10144.94
2017-09-22,ORANGEPL,5.32,5.34,5.26,5.34,0.38,1189978,841,6300.82
2017-09-25,ORANGEPL,5.35,5.37,5.27,5.3,-0.75,867576,551,4607.02
2017-09-26,ORANGEPL,5.33,5.35,5.26,5.31,0.19,414003,351,2193.63
2017-09-27,ORANGEPL,5.34,5.35,5.29,5.29,-0.38,1336348,826,7107.1
2017-09-28,ORANGEPL,5.3,5.35,5.28,5.3,0.19,2587015,874,13712.42
2017-09-29,ORANGEPL,5.31,5.33,5.28,5.29,-0.19,2202961,784,11689
2017-10-02,ORANGEPL,5.32,5.38,5.3,5.35,1.13,1330892,970,7103.8
2017-10-03,ORANGEPL,5.35,5.37,5.27,5.28,-1.31,2073936,1058,11025.02
2017-10-04,ORANGEPL,5.28,5.3,5.09,5.2,-1.52,4607976,2662,23977.76
2017-10-05,ORANGEPL,5.18,5.18,5.06,5.12,-1.54,2521139,1650,12894.82
2017-10-06,ORANGEPL,5.13,5.16,5.05,5.09,-0.59,2005247,1186,10222.81
2017-10-09,ORANGEPL,5.08,5.13,5.07,5.09,0,1119991,855,5706.75
2017-10-10,ORANGEPL,5.09,5.12,5.08,5.1,0.2,828977,626,4227.3
2017-10-11,ORANGEPL,5.1,5.13,5.06,5.08,-0.39,3989288,1826,20296.06
2017-10-12,ORANGEPL,5.09,5.12,5.07,5.11,0.59,2272237,1143,11584.9
2017-10-13,ORANGEPL,5.08,5.12,5.08,5.1,-0.2,1373642,599,7004.84
2017-10-16,ORANGEPL,5.1,5.11,5.06,5.08,-0.39,1330156,809,6766.34
2017-10-17,ORANGEPL,5.07,5.09,4.97,5.02,-1.18,5246854,2411,26393.72
2017-10-18,ORANGEPL,5.03,5.09,5.02,5.02,0,711477,677,3589.96
2017-10-19,ORANGEPL,5.03,5.07,5,5.01,-0.2,3175344,1081,15952.55
2017-10-20,ORANGEPL,5,5.03,4.97,4.97,-0.8,2451878,794,12287.07
2017-10-23,ORANGEPL,4.97,4.98,4.88,4.93,-0.8,2895891,1439,14290.39
2017-10-24,ORANGEPL,4.92,4.97,4.9,4.94,0.2,1654997,1147,8166.18
2017-10-25,ORANGEPL,4.92,5.01,4.92,4.95,0.2,1071754,777,5315.33
2017-10-26,ORANGEPL,4.96,5.61,4.96,5.57,12.53,17170140,6272,93148.47
2017-10-27,ORANGEPL,5.62,5.7,5.54,5.66,1.62,12184828,4114,68839.24
2017-10-30,ORANGEPL,5.62,5.68,5.45,5.49,-3,1735045,933,9578.01
2017-10-31,ORANGEPL,5.5,5.61,5.5,5.61,2.19,1886869,937,10505.68
2017-11-02,ORANGEPL,5.6,5.6,5.49,5.5,-1.96,1492861,1361,8267.26
2017-11-03,ORANGEPL,5.5,5.66,5.47,5.59,1.64,4837116,993,27170.6
2017-11-06,ORANGEPL,5.57,5.65,5.53,5.6,0.18,649234,872,3631.29
2017-11-07,ORANGEPL,5.6,5.77,5.6,5.71,1.96,3493587,2094,19937.09
2017-11-08,ORANGEPL,5.71,5.77,5.56,5.57,-2.45,2412930,1232,13679.16
2017-11-09,ORANGEPL,5.55,5.66,5.54,5.66,1.62,3612266,1078,20287.62
2017-11-10,ORANGEPL,5.64,5.68,5.4,5.4,-4.59,5135265,1509,28504.24
2017-11-13,ORANGEPL,5.41,5.45,5.38,5.42,0.37,2214170,865,12028.99
2017-11-14,ORANGEPL,5.41,5.47,5.41,5.47,0.92,1441024,813,7836.86
2017-11-15,ORANGEPL,5.43,5.48,5.42,5.45,-0.37,974792,684,5312.79
2017-11-16,ORANGEPL,5.44,5.49,5.38,5.41,-0.73,1034362,1049,5606.19
2017-11-17,ORANGEPL,5.42,5.5,5.42,5.45,0.74,547684,465,2991.82
2017-11-20,ORANGEPL,5.44,5.54,5.42,5.5,0.92,1317065,603,7243.9
2017-11-21,ORANGEPL,5.49,5.66,5.49,5.6,1.82,1652193,1024,9247.8
2017-11-22,ORANGEPL,5.57,5.6,5.41,5.46,-2.5,1824811,1061,9997.1
2017-11-23,ORANGEPL,5.43,5.55,5.42,5.53,1.28,830909,490,4586.59
2017-11-24,ORANGEPL,5.51,5.56,5.44,5.45,-1.45,825119,576,4528.42
2017-11-27,ORANGEPL,5.42,5.48,5.42,5.48,0.55,1800431,1105,9804.4
2017-11-28,ORANGEPL,5.45,5.52,5.36,5.47,-0.18,2408477,1031,13191.87
2017-11-29,ORANGEPL,5.49,5.52,5.39,5.39,-1.46,1690110,1049,9241.04
2017-11-30,ORANGEPL,5.38,5.5,5.38,5.45,1.11,3811768,1641,20782.55
2017-12-01,ORANGEPL,5.43,5.51,5.31,5.31,-2.57,1892949,1164,10310.12
2017-12-04,ORANGEPL,5.3,5.52,5.24,5.52,3.95,2878534,1432,15429.42
2017-12-05,ORANGEPL,5.54,5.7,5.48,5.63,1.99,3101661,1443,17465
2017-12-06,ORANGEPL,5.61,5.72,5.59,5.65,0.36,5204842,1962,29329.59
2017-12-07,ORANGEPL,5.61,5.65,5.4,5.4,-4.42,2058492,1694,11277.46
2017-12-08,ORANGEPL,5.44,5.5,5.42,5.45,0.93,886249,695,4844.07
2017-12-11,ORANGEPL,5.48,5.5,5.39,5.39,-1.1,1192657,933,6492.09
2017-12-12,ORANGEPL,5.45,5.59,5.42,5.59,3.71,1768597,1083,9748.63
2017-12-13,ORANGEPL,5.54,5.77,5.52,5.76,3.04,5299305,1473,30217.13
2017-12-14,ORANGEPL,5.78,5.92,5.73,5.91,2.6,5269708,1902,30831.24
2017-12-15,ORANGEPL,5.9,5.94,5.79,5.9,-0.17,3374576,2733,19891.29
2017-12-18,ORANGEPL,5.9,5.97,5.83,5.94,0.68,1865692,1394,10960.5
2017-12-19,ORANGEPL,5.94,5.97,5.83,5.84,-1.68,1564870,1216,9232.54
2017-12-20,ORANGEPL,5.82,6.01,5.81,5.93,1.54,3326352,1271,19803.49
2017-12-21,ORANGEPL,5.94,6.11,5.9,6.05,2.02,2109477,1594,12714.5
2017-12-22,ORANGEPL,6.03,6.05,5.95,5.95,-1.65,429014,433,2564.4
2017-12-27,ORANGEPL,5.93,6.03,5.85,5.85,-1.68,1123777,802,6654.52
2017-12-28,ORANGEPL,5.87,5.91,5.74,5.75,-1.71,1646817,1106,9584.66
2017-12-29,ORANGEPL,5.7,5.81,5.66,5.79,0.7,2923879,907,16785.31
2018-01-03,ORANGEPL,5.8,5.98,5.8,5.95,2.76,1666323,1369,9859.38
2018-01-04,ORANGEPL,6,6.11,6,6.07,2.02,2741423,1386,16642.9
2018-01-05,ORANGEPL,6.08,6.19,5.97,6.02,-0.82,1981095,1406,12062.84
2018-01-08,ORANGEPL,6.06,6.17,6.05,6.12,1.66,1572306,911,9612.85
2018-01-09,ORANGEPL,6.13,6.14,6.02,6.05,-1.14,1398909,1172,8488.75
2018-01-10,ORANGEPL,6.05,6.06,5.92,6.02,-0.5,1435766,1247,8618.39
2018-01-11,ORANGEPL,6.03,6.07,5.98,6.05,0.5,933001,818,5628.79
2018-01-12,ORANGEPL,6.06,6.08,5.98,6.02,-0.5,826442,699,4973.29
2018-01-15,ORANGEPL,6.02,6.11,5.98,6.11,1.5,583708,578,3523.48
2018-01-16,ORANGEPL,6.13,6.25,6.07,6.22,1.8,2254525,2161,13957.53
2018-01-17,ORANGEPL,6.23,6.26,6.2,6.24,0.32,1173038,1133,7317.52
2018-01-18,ORANGEPL,6.25,6.36,6.22,6.31,1.12,2089371,1479,13178.53
2018-01-19,ORANGEPL,6.35,6.37,6.32,6.35,0.63,1417786,648,9007.87
2018-01-22,ORANGEPL,6.37,6.42,6.33,6.36,0.16,1059590,815,6752.41
2018-01-23,ORANGEPL,6.39,6.46,6.21,6.34,-0.31,3927356,2186,24989.38
2018-01-24,ORANGEPL,6.35,6.37,6.13,6.26,-1.26,1676299,1277,10435.83
2018-01-25,ORANGEPL,6.27,6.27,6.1,6.12,-2.24,3100816,1630,19063.29
2018-01-26,ORANGEPL,6.15,6.17,6.07,6.1,-0.33,1429608,883,8763.21
2018-01-29,ORANGEPL,6.15,6.2,6.13,6.2,1.64,1543493,1164,9524.93
2018-01-30,ORANGEPL,6.2,6.2,6.08,6.12,-1.29,1574519,931,9677.26
2018-01-31,ORANGEPL,6.15,6.2,6.13,6.13,0.16,1890500,1201,11644.37
2018-02-01,ORANGEPL,6.15,6.19,5.81,5.92,-3.43,2159024,1596,13073.61
2018-02-02,ORANGEPL,5.94,6.03,5.83,5.84,-1.35,1979268,1236,11665.56
2018-02-05,ORANGEPL,5.81,5.95,5.8,5.9,1.03,1250732,1074,7386.8
2018-02-06,ORANGEPL,5.66,5.9,5.44,5.88,-0.34,2410935,2069,13902.22
2018-02-07,ORANGEPL,5.9,5.92,5.77,5.79,-1.53,2403410,1120,14094.87
2018-02-08,ORANGEPL,5.76,5.9,5.76,5.77,-0.35,1599036,948,9352.41
2018-02-09,ORANGEPL,5.74,5.84,5.68,5.78,0.17,1266762,914,7327.19
2018-02-12,ORANGEPL,5.78,5.84,5.71,5.72,-1.04,974049,829,5613.28
2018-02-13,ORANGEPL,5.75,5.76,5.69,5.75,0.52,738644,730,4233.85
2018-02-14,ORANGEPL,5.75,5.88,5.75,5.87,2.09,1401457,1028,8157.79
2018-02-15,ORANGEPL,5.89,6,5.79,5.79,-1.36,1615045,1148,9502.71
2018-02-16,ORANGEPL,5.89,5.91,5.83,5.89,1.73,911013,618,5356.1
2018-02-19,ORANGEPL,5.89,5.95,5.85,5.87,-0.34,772758,722,4545.86
2018-02-20,ORANGEPL,5.85,5.88,5.77,5.82,-0.85,1055563,824,6138.59
2018-02-21,ORANGEPL,5.75,5.79,5.45,5.45,-6.36,2696654,2120,14991.02
2018-02-22,ORANGEPL,5.48,5.73,5.48,5.66,3.85,4039752,2083,22695.38
2018-02-23,ORANGEPL,5.68,5.76,5.66,5.74,1.41,2401528,1308,13743.89
2018-02-26,ORANGEPL,5.76,5.76,5.72,5.76,0.35,817126,621,4696.22
2018-02-27,ORANGEPL,5.72,5.78,5.72,5.75,-0.17,1273368,1014,7327.43
2018-02-28,ORANGEPL,5.69,5.74,5.64,5.7,-0.87,3391433,884,19311.8
2018-03-01,ORANGEPL,5.67,5.67,5.3,5.55,-2.63,3160995,2559,17395.52
2018-03-02,ORANGEPL,5.52,5.67,5.41,5.67,2.16,1349514,1445,7494.33
2018-03-05,ORANGEPL,5.62,5.76,5.51,5.7,0.53,1393854,962,7901.96
2018-03-06,ORANGEPL,5.71,5.73,5.67,5.73,0.53,1017286,759,5814.22
2018-03-07,ORANGEPL,5.7,5.9,5.7,5.85,2.09,2955022,1329,17036.97
2018-03-08,ORANGEPL,5.85,6.01,5.85,5.9,0.85,4309622,2511,25718.47
2018-03-09,ORANGEPL,5.9,5.95,5.85,5.9,0,3990574,1292,23650.83
2018-03-12,ORANGEPL,5.93,6,5.88,6,1.69,2229496,1221,13300.72
2018-03-13,ORANGEPL,6,6.06,5.94,5.98,-0.33,3021875,1164,18138.93
2018-03-14,ORANGEPL,5.98,6.03,5.91,5.95,-0.5,4040512,1622,24187.49
2018-03-15,ORANGEPL,5.96,6.01,5.91,5.97,0.34,1823692,1222,10887.43
2018-03-16,ORANGEPL,5.92,6.01,5.91,6,0.5,6381054,3752,38202.35
2018-03-19,ORANGEPL,6.01,6.01,5.85,5.88,-2,907543,789,5340.7
2018-03-20,ORANGEPL,5.88,5.97,5.82,5.91,0.51,1647773,775,9722.49
2018-03-21,ORANGEPL,5.9,5.98,5.89,5.96,0.85,2671173,1755,15822.72
2018-03-22,ORANGEPL,5.93,6,5.91,5.94,-0.34,3878473,1594,23110.64
2018-03-23,ORANGEPL,5.85,5.92,5.79,5.8,-2.36,2063780,948,12020.83
2018-03-26,ORANGEPL,5.8,5.82,5.67,5.72,-1.38,1410173,844,8099.57
2018-03-27,ORANGEPL,5.84,5.88,5.76,5.76,0.7,2384119,1565,13821.96
2018-03-28,ORANGEPL,5.71,5.81,5.71,5.75,-0.17,2567853,1574,14831.98
2018-03-29,ORANGEPL,5.8,5.87,5.77,5.8,0.87,1581630,1167,9219.28
2018-04-03,ORANGEPL,5.75,5.85,5.75,5.78,-0.34,797430,831,4624.16
2018-04-04,ORANGEPL,5.77,5.83,5.75,5.78,0,809926,693,4686.86
2018-04-05,ORANGEPL,5.83,5.88,5.79,5.83,0.87,454893,364,2652.89
2018-04-06,ORANGEPL,5.85,5.85,5.73,5.81,-0.34,966691,610,5594.06
2018-04-09,ORANGEPL,5.81,5.91,5.81,5.89,1.38,1356391,1124,7978.22
2018-04-10,ORANGEPL,5.89,5.94,5.87,5.9,0.17,1199234,960,7081.99
2018-04-11,ORANGEPL,5.86,5.91,5.8,5.88,-0.34,1854038,860,10859.57
2018-04-12,ORANGEPL,5.84,5.98,5.84,5.89,0.17,955005,784,5654.56
2018-04-13,ORANGEPL,5.9,5.91,5.76,5.77,-2.04,890041,775,5174.6
2018-04-16,ORANGEPL,5.78,5.84,5.69,5.75,-0.35,507020,469,2921.54
2018-04-17,ORANGEPL,5.76,5.81,5.73,5.76,0.17,1609815,696,9272.86
2018-04-18,ORANGEPL,5.75,5.81,5.67,5.74,-0.35,1094724,725,6292.54
2018-04-19,ORANGEPL,5.69,5.81,5.6,5.6,-2.44,1272397,954,7207.36
2018-04-20,ORANGEPL,5.65,5.71,5.63,5.63,0.54,1376983,763,7791.67
2018-04-23,ORANGEPL,5.63,5.69,5.44,5.45,-3.2,2255171,1561,12455.09
2018-04-24,ORANGEPL,5.47,5.55,5.41,5.44,-0.18,1726918,1152,9438.07
2018-04-25,ORANGEPL,5.43,5.53,5.35,5.38,-1.1,1700461,1522,9183.6
2018-04-26,ORANGEPL,5.4,5.52,5.11,5.15,-4.28,3775629,2251,19859.25
2018-04-27,ORANGEPL,5.16,5.3,5.16,5.28,2.52,980738,796,5150.64
2018-04-30,ORANGEPL,5.25,5.38,5.23,5.27,-0.19,1562678,832,8263.45
2018-05-02,ORANGEPL,5.31,5.33,5.21,5.23,-0.76,1591951,1198,8356.02
2018-05-04,ORANGEPL,5.21,5.27,5.15,5.16,-1.34,1230162,867,6387.97
2018-05-07,ORANGEPL,5.16,5.23,5.16,5.22,1.16,845609,749,4400.46
2018-05-08,ORANGEPL,5.2,5.34,5.2,5.33,2.11,2271183,1095,11931.85
2018-05-09,ORANGEPL,5.31,5.35,5.23,5.23,-1.88,1677834,1042,8875.25
2018-05-10,ORANGEPL,5.24,5.3,5.21,5.25,0.38,1863396,1094,9793.38
2018-05-11,ORANGEPL,5.25,5.29,5.24,5.25,0,707222,418,3721.13
2018-05-14,ORANGEPL,5.25,5.28,5.25,5.28,0.57,506773,352,2668.63
2018-05-15,ORANGEPL,5.28,5.28,5.12,5.13,-2.84,7790563,845,40622.36
2018-05-16,ORANGEPL,5.11,5.18,5.1,5.13,0,963272,823,4940.55
2018-05-17,ORANGEPL,5.12,5.22,5.08,5.08,-0.97,1526246,983,7827.47
2018-05-18,ORANGEPL,5.07,5.11,5.01,5.01,-1.38,1613798,1209,8138.1
2018-05-21,ORANGEPL,5.03,5.17,5.03,5.14,2.59,1599199,796,8203.08
2018-05-22,ORANGEPL,5.12,5.14,5.01,5.03,-2.14,1104152,1005,5577.28
2018-05-23,ORANGEPL,5,5.06,4.99,5,-0.6,1481269,1013,7440.58
2018-05-24,ORANGEPL,5.05,5.12,4.98,4.99,-0.2,1021731,1159,5131.51
2018-05-25,ORANGEPL,5.01,5.04,4.86,4.86,-2.61,1547403,995,7600.71
2018-05-28,ORANGEPL,4.87,5.03,4.86,5,2.88,417843,482,2072.84
2018-05-29,ORANGEPL,5.02,5.04,4.86,5.04,0.8,1460186,736,7250.04
2018-05-30,ORANGEPL,5.01,5.04,4.87,5.01,-0.6,3768052,1545,18836.32
2018-06-01,ORANGEPL,4.98,5.08,4.95,5.03,0.4,1721310,1439,8668.64
2018-06-04,ORANGEPL,5.09,5.11,4.97,4.97,-1.19,1144449,1315,5748.22
2018-06-05,ORANGEPL,5,5.11,4.97,5.08,2.21,2138199,1626,10818.24
2018-06-06,ORANGEPL,5.11,5.15,5.02,5.07,-0.2,1326053,1056,6732.48
2018-06-07,ORANGEPL,5.04,5.11,4.98,4.98,-1.78,1430669,919,7213.81
2018-06-08,ORANGEPL,5,5.01,4.94,4.97,-0.2,1138906,856,5659.07
2018-06-11,ORANGEPL,4.97,5.03,4.91,5.03,1.21,1299581,1025,6476.7
2018-06-12,ORANGEPL,5.03,5.07,5.01,5.03,0,1260300,1070,6355.68
2018-06-13,ORANGEPL,5.02,5.05,4.95,5,-0.6,1239271,1352,6200.83
2018-06-14,ORANGEPL,5.01,5.12,4.97,5.12,2.4,1155341,950,5850.27
2018-06-15,ORANGEPL,5.11,5.11,4.86,4.86,-5.08,4273146,2090,20983.5
2018-06-18,ORANGEPL,4.85,4.9,4.75,4.8,-1.23,1038586,1096,5006.18
2018-06-19,ORANGEPL,4.75,4.75,4.52,4.56,-5,3054777,3302,14124.6
2018-06-20,ORANGEPL,4.59,4.68,4.56,4.65,1.97,1678637,1331,7798.71
2018-06-21,ORANGEPL,4.69,4.72,4.6,4.65,0,2208536,1776,10300.89
2018-06-22,ORANGEPL,4.69,4.83,4.66,4.76,2.37,2494635,1230,11854.82
2018-06-25,ORANGEPL,4.73,4.85,4.73,4.76,0,1415978,1080,6771.84
2018-06-26,ORANGEPL,4.78,4.83,4.58,4.66,-2.1,1306977,1050,6112.65
2018-06-27,ORANGEPL,4.64,4.7,4.58,4.61,-1.07,1435582,848,6677
2018-06-28,ORANGEPL,4.6,4.65,4.51,4.51,-2.17,1792964,1943,8171.55
2018-06-29,ORANGEPL,4.55,4.67,4.53,4.64,2.88,1264963,892,5839.47
2018-07-02,ORANGEPL,4.64,4.65,4.57,4.63,-0.22,945943,1161,4366.02
2018-07-03,ORANGEPL,4.68,4.68,4.62,4.62,-0.22,698547,942,3239.59
2018-07-04,ORANGEPL,4.62,4.75,4.62,4.74,2.6,585077,678,2755.46
2018-07-05,ORANGEPL,4.7,4.82,4.7,4.72,-0.42,736410,819,3518.94
2018-07-06,ORANGEPL,4.73,4.74,4.64,4.65,-1.48,922739,569,4299.25
2018-07-09,ORANGEPL,4.66,4.73,4.6,4.62,-0.65,645234,644,2991.9
2018-07-10,ORANGEPL,4.64,4.66,4.55,4.55,-1.52,1424593,1281,6543.2
2018-07-11,ORANGEPL,4.56,4.6,4.55,4.6,1.1,589412,510,2705.75
2018-07-12,ORANGEPL,4.58,4.63,4.52,4.52,-1.74,1136143,818,5180.44
2018-07-13,ORANGEPL,4.56,4.6,4.52,4.58,1.33,774914,659,3548.02
2018-07-16,ORANGEPL,4.58,4.58,4.54,4.54,-0.87,1051210,462,4782.31
2018-07-17,ORANGEPL,4.55,4.55,4.49,4.49,-1.1,1718095,999,7743.42
2018-07-18,ORANGEPL,4.5,4.53,4.42,4.45,-0.89,1314478,863,5889.12
2018-07-19,ORANGEPL,4.47,4.47,4.31,4.32,-2.92,5124258,1968,22276.04
2018-07-20,ORANGEPL,4.36,4.45,4.34,4.43,2.55,1822025,1529,8021.04
2018-07-23,ORANGEPL,4.46,4.66,4.42,4.58,3.39,2531135,1582,11541.23
2018-07-24,ORANGEPL,4.62,4.74,4.54,4.72,3.06,2589470,1366,11891.71
2018-07-25,ORANGEPL,4.81,5.07,4.81,4.97,5.3,3045946,2116,15095.36
2018-07-26,ORANGEPL,5,5,4.92,4.95,-0.4,4776497,1134,23787.5
2018-07-27,ORANGEPL,4.95,4.96,4.93,4.96,0.2,779574,537,3860.05
2018-07-30,ORANGEPL,4.93,5.12,4.93,5.1,2.82,1787370,1004,9041.86
2018-07-31,ORANGEPL,5.1,5.1,4.97,4.98,-2.35,2576328,946,12935.85
2018-08-01,ORANGEPL,4.97,5.03,4.97,5.01,0.6,1035441,739,5184.57
2018-08-02,ORANGEPL,4.98,5.06,4.95,4.95,-1.2,2629009,651,13142.31
2018-08-03,ORANGEPL,4.97,4.98,4.92,4.96,0.2,1977850,524,9822.6
2018-08-06,ORANGEPL,4.94,5.05,4.94,5.01,1.01,1112455,561,5544.33
2018-08-07,ORANGEPL,5,5.03,4.98,5.01,0,1005603,448,5041.36
2018-08-08,ORANGEPL,5,5.03,4.96,5.03,0.4,2545414,800,12739.2
2018-08-09,ORANGEPL,4.98,5.04,4.98,5,-0.6,853806,379,4275.5
2018-08-10,ORANGEPL,4.99,4.99,4.84,4.84,-3.2,2269868,1190,11099.59
2018-08-13,ORANGEPL,4.84,4.86,4.78,4.82,-0.41,905744,671,4356.23
2018-08-14,ORANGEPL,4.84,4.95,4.84,4.95,2.7,705073,615,3456.02
2018-08-16,ORANGEPL,4.9,4.92,4.82,4.86,-1.82,1689011,1108,8209.42
2018-08-17,ORANGEPL,4.84,4.89,4.84,4.87,0.21,2200167,934,10718.16
2018-08-20,ORANGEPL,4.88,4.9,4.76,4.8,-1.44,1485057,977,7181.07
2018-08-21,ORANGEPL,4.81,4.87,4.79,4.83,0.63,922689,538,4452.59
2018-08-22,ORANGEPL,4.81,4.99,4.8,4.89,1.24,1435372,1018,7024.65
2018-08-23,ORANGEPL,4.9,4.95,4.85,4.94,1.02,795404,622,3898.55
2018-08-24,ORANGEPL,4.95,4.95,4.83,4.86,-1.62,1216840,932,5919.47
2018-08-27,ORANGEPL,4.88,5.01,4.88,5.01,3.09,1009461,896,4995.8
2018-08-28,ORANGEPL,5.01,5.07,4.95,5.07,1.2,905903,668,4553
2018-08-29,ORANGEPL,5.04,5.05,4.94,4.98,-1.78,1428822,1100,7120.86
2018-08-30,ORANGEPL,4.95,4.97,4.84,4.84,-2.81,1553084,1044,7579.33
2018-08-31,ORANGEPL,4.84,4.87,4.81,4.86,0.41,1229897,658,5967.31
2018-09-03,ORANGEPL,4.85,4.91,4.83,4.9,0.82,1451391,995,7076.49
2018-09-04,ORANGEPL,4.9,4.93,4.74,4.74,-3.27,1589391,1051,7693.65
2018-09-05,ORANGEPL,4.73,4.78,4.64,4.65,-1.9,1751299,1126,8184.73
2018-09-06,ORANGEPL,4.66,4.66,4.54,4.6,-1.08,1497043,1045,6894.17
2018-09-07,ORANGEPL,4.62,4.63,4.51,4.51,-1.96,2664258,1541,12137.25
2018-09-10,ORANGEPL,4.51,4.59,4.5,4.58,1.55,1399145,1206,6372.07
2018-09-11,ORANGEPL,4.58,4.62,4.54,4.55,-0.66,1633399,1096,7488.75
2018-09-12,ORANGEPL,4.52,4.57,4.38,4.42,-2.86,4870477,2405,21716.25
2018-09-13,ORANGEPL,4.42,4.48,4.39,4.39,-0.68,2872723,2390,12729.84
2018-09-14,ORANGEPL,4.42,4.44,4.39,4.39,0,1915302,1370,8423.04
2018-09-17,ORANGEPL,4.37,4.37,4.25,4.26,-2.96,2694470,1920,11603.99
2018-09-18,ORANGEPL,4.26,4.38,4.23,4.35,2.11,1920332,1830,8319.18
2018-09-19,ORANGEPL,4.34,4.41,4.3,4.35,0,1389713,1399,6029.85
2018-09-20,ORANGEPL,4.37,4.55,4.36,4.43,1.84,1499667,1515,6670.95
2018-09-21,ORANGEPL,4.44,4.53,4.39,4.45,0.45,13507224,2616,60170.66
2018-09-24,ORANGEPL,4.48,4.54,4.45,4.47,0.45,1828504,1097,8227.01
2018-09-25,ORANGEPL,4.48,4.55,4.48,4.5,0.67,843394,512,3810.95
2018-09-26,ORANGEPL,4.5,4.6,4.5,4.58,1.78,665244,550,3037.16
2018-09-27,ORANGEPL,4.57,4.66,4.53,4.65,1.53,891062,465,4117.16
2018-09-28,ORANGEPL,4.57,4.61,4.44,4.44,-4.52,2497349,1732,11162.38
2018-10-01,ORANGEPL,4.46,4.56,4.45,4.5,1.35,741766,503,3356.08
2018-10-02,ORANGEPL,4.49,4.56,4.45,4.56,1.33,738645,606,3328.09
2018-10-03,ORANGEPL,4.58,4.58,4.48,4.5,-1.32,623519,508,2810.35
2018-10-04,ORANGEPL,4.49,4.5,4.45,4.47,-0.67,745571,538,3328.1
2018-10-05,ORANGEPL,4.45,4.62,4.45,4.59,2.68,1159261,892,5247.43
2018-10-08,ORANGEPL,4.56,4.56,4.44,4.45,-3.05,1102357,928,4931.22
2018-10-09,ORANGEPL,4.45,4.47,4.44,4.45,0,1480251,1023,6587.42
2018-10-10,ORANGEPL,4.47,4.47,4.44,4.44,-0.22,1565269,852,6954.98
2018-10-11,ORANGEPL,4.38,4.46,4.35,4.41,-0.68,3135748,1466,13900.91
2018-10-12,ORANGEPL,4.43,4.49,4.4,4.45,0.91,3175190,1463,14101.23
2018-10-15,ORANGEPL,4.45,4.47,4.41,4.41,-0.9,1665609,647,7378.23
2018-10-16,ORANGEPL,4.41,4.49,4.41,4.45,0.91,1779249,854,7915.26
2018-10-17,ORANGEPL,4.47,4.54,4.45,4.48,0.67,2637036,843,11852.29
2018-10-18,ORANGEPL,4.49,4.58,4.46,4.55,1.56,1364146,547,6216.64
2018-10-19,ORANGEPL,4.55,4.61,4.52,4.58,0.66,1102836,473,5038.24
2018-10-22,ORANGEPL,4.64,4.68,4.56,4.58,0,767140,564,3547
2018-10-23,ORANGEPL,4.55,4.64,4.54,4.6,0.44,892151,536,4102.61
2018-10-24,ORANGEPL,4.6,4.62,4.53,4.57,-0.65,1506545,667,6882.52
2018-10-25,ORANGEPL,4.55,4.66,4.53,4.6,0.66,2884007,691,13213.05
2018-10-26,ORANGEPL,4.6,4.6,4.44,4.45,-3.26,1113733,652,4989.91
2018-10-29,ORANGEPL,4.49,4.49,4.37,4.37,-1.8,880771,808,3896
2018-10-30,ORANGEPL,4.38,4.44,4.38,4.44,1.6,1097147,847,4828.5
2018-10-31,ORANGEPL,4.44,4.46,4.33,4.34,-2.25,3124773,1823,13698.28
2018-11-02,ORANGEPL,4.36,4.45,4.34,4.4,1.38,1731207,1021,7640.04
2018-11-05,ORANGEPL,4.38,4.51,4.38,4.49,2.05,1220256,735,5438.68
2018-11-06,ORANGEPL,4.46,4.63,4.45,4.62,2.9,1785595,1096,8121.56
2018-11-07,ORANGEPL,4.59,4.74,4.59,4.7,1.73,1724385,1319,8096.89
2018-11-08,ORANGEPL,4.72,4.84,4.69,4.8,2.13,1593528,1083,7606.22
2018-11-09,ORANGEPL,4.78,4.78,4.64,4.66,-2.92,761126,566,3572.98
2018-11-13,ORANGEPL,4.63,4.71,4.61,4.62,-0.86,1102263,774,5129.34
2018-11-14,ORANGEPL,4.6,4.79,4.56,4.79,3.68,843896,1237,3979.5
2018-11-15,ORANGEPL,4.79,4.88,4.71,4.72,-1.46,1122538,776,5404.21
2018-11-16,ORANGEPL,4.73,4.82,4.54,4.58,-2.97,1324321,1265,6153.52
2018-11-19,ORANGEPL,4.62,4.62,4.49,4.54,-0.87,1196481,1218,5432.77
2018-11-20,ORANGEPL,4.5,4.63,4.5,4.57,0.66,1645970,1157,7519.35
2018-11-21,ORANGEPL,4.57,4.79,4.57,4.75,3.94,1792421,1630,8407.12
2018-11-22,ORANGEPL,4.74,4.88,4.71,4.88,2.74,1676041,1616,8081.02
2018-11-23,ORANGEPL,4.88,4.92,4.84,4.91,0.61,1665222,1071,8149.97
2018-11-26,ORANGEPL,4.95,4.95,4.83,4.89,-0.41,2725970,2276,13385.4
2018-11-27,ORANGEPL,4.83,4.88,4.64,4.66,-4.7,1146678,1156,5412.49
2018-11-28,ORANGEPL,4.69,4.78,4.68,4.75,1.93,2408601,1501,11418.79
